縣市別,調查站_編號,調查站_地點,調查站_樁號_K,調查站_樁號_百位數,調查站_座標_經度,調查站_座標_緯度,路線編號,起迄地名_起點,起迄地名_迄點,起點樁號_K,起點樁號_百位數,迄點樁號_K,迄點樁號_百位數,地形,里程(公里),路面寬度(公尺),方向(往),車道佈設_快車道寬度(公尺)_1,車道佈設_快車道寬度(公尺)_2,車道佈設_快車道寬度(公尺)_3,車道佈設_快車道寬度(公尺)_4,車道佈設_快車道寬度(公尺)_5,車道佈設_機慢車道寬度(公尺)_1,車道佈設_機慢車道寬度(公尺)_2,車道佈設_路肩寬度(公尺),各車種車輛數(輛/日)_小型車,各車種車輛數(輛/日)_大客車,各車種車輛數(輛/日)_大貨車,各車種車輛數(輛/日)_全聯結車,各車種車輛數(輛/日)_半聯結車,各車種車輛數(輛/日)_機車,各車種車輛數(輛/日)_合計,總計_流量(PCU),總計_車公里,尖峰小時_交通量(PCU),尖峰小時_時段_起,尖峰小時_時段_迄,方向係數,備註
宜蘭縣,IV-01,大溪,124,400,E121.88503,N24.93471,台2線,台北縣縣界,梗枋,116,489,130,789,丘陵區,14.3,16.4,東,3.5,3.5,,,,-,,1.2,"4,010",44,300,28,828,620,"5,830","9,350","83,369",787,16,17,0.5,
宜蘭縣,IV-01,大溪,124,400,E121.88503,N24.93471,台2線,台北縣縣界,梗枋,116,489,130,789,丘陵區,14.3,16.4,西,3.5,3.5,,,,-,,1.2,"4,005",27,176,26,827,757,"5,818","9,130","83,197","1,140",15,16,0.5,
宜蘭縣,IV-02,蘭陽博物館,134,300,E121.83052,N24.86754,台2線,梗枋,金馬橋,130,789,137,0,平原區,6.211,16,東,3.5,3.5,,,,-,,1,"9,968",111,265,25,707,"2,421","13,497","14,182","97,178","1,221",14,15,0.52,
宜蘭縣,IV-02,蘭陽博物館,134,300,E121.83052,N24.86754,台2線,梗枋,金馬橋,130,789,137,0,平原區,6.211,16,西,3.5,3.5,,,,-,,1,"11,112",254,200,24,396,"2,528","14,514","14,570","104,501","1,302",15,16,0.52,
宜蘭縣,IV-03,公館,150,700,E121.82097,N24.72411,台2線,竹安,東港,143,570,156,59,平原區,12.489,15.8,東,3.6,,,,,2.5,,1.8,"2,355",42,210,2,332,751,"2,941","4,237","46,150",989,15,16,0.57,
宜蘭縣,IV-03,公館,150,700,E121.82097,N24.72411,台2線,竹安,東港,143,570,156,59,平原區,12.489,15.8,西,3.6,,,,,2.5,,1.8,"2,502",49,204,3,254,832,"3,844","4,195","48,050",989,15,16,0.57,
宜蘭縣,IV-04,馬賽 ,164,300,E121.83189,N24.63325,台2線,傳藝中心,馬賽,157,950,164,300,平原區,6.35,20.2,東,3.8,3.4,,,,2.5,,0.4,"4,405",67,235,2,518,"1,552","6,779","7,505","43,386",688,7,8,0.51,
宜蘭縣,IV-04,馬賽 ,164,300,E121.83189,N24.63325,台2線,傳藝中心,馬賽,157,950,164,300,平原區,6.35,20.2,西,3.8,3.4,,,,2.5,,0.4,"4,751",74,233,3,512,"1,489","7,062","7,799","45,197","1,041",17,18,0.51,
宜蘭縣,IV-05,成興,2,800,E121.82794,N24.64886,台2戊線,新店,龍德大橋,0,0,5,0,平原區,5,13.2,東,3.6,,,,,2,,1,"2,983",36,24,0,7,"2,796","5,846","4,755","30,395",797,17,18,0.51,
宜蘭縣,IV-05,成興,2,800,E121.82794,N24.64886,台2戊線,新店,龍德大橋,0,0,5,0,平原區,5,13.2,西,3.6,,,,,2,,1,"3,726",37,23,0,4,"2,316","6,106","4,425","27,575",797,17,18,0.51,
宜蘭縣,IV-06,隘丁,9,0,E121.83511,N24.59840,台2戊線,龍德大橋,聖湖,5,0,9,269,丘陵區,4.3,15,東,3.5,3.5,,,,　,,0.5,"3,358",27,45,0,26,893,"4,349","4,151","18,701",344,16,17,0.54,
宜蘭縣,IV-06,隘丁,9,0,E121.83511,N24.59840,台2戊線,龍德大橋,聖湖,5,0,9,269,丘陵區,4.3,15,西,3.5,3.5,,,,　,,0.5,"3,920",35,53,0,20,"1,030","5,058","4,799","21,749",435,8,9,0.54,
宜蘭縣,IV-07,二城國小,2,300,E121.80381,N24.84314,台2庚線,二城國小,二城,2,300,3,742,平原區,1.442,18.2,東,3.5,4,,,,-,,1.6,"9,257",145,175,14,451,"1,983","12,025","12,284","16,835","1,064",15,16,0.51,
宜蘭縣,IV-07,二城國小,2,300,E121.80381,N24.84314,台2庚線,二城國小,二城,2,300,3,742,平原區,1.442,18.2,西,3.5,4,,,,-,,1.6,"9,517",141,129,12,477,"2,186","12,462","12,617","17,447",798,17,18,0.51,
宜蘭縣,IV-08,池端,72,100,E121.48731,N24.62989,台7線,桃園縣縣界,棲蘭山,61,652,82,500,山嶺區,20.848,7.8,北,3.6,,,,,　,,0.3,152,10,3,0,0,30,195,323,"4,056",164,11,12,0.55,
宜蘭縣,IV-08,池端,72,100,E121.48731,N24.62989,台7線,桃園縣縣界,棲蘭山,61,652,82,500,山嶺區,20.848,7.8,南,3.6,,,,,　,,0.3,173,12,3,0,0,55,243,390,"5,054",164,11,12,0.55,
宜蘭縣,IV-09,棲蘭山,82,700,E121.50041,N24.60478,台7線,棲蘭山,百韜橋,82,500,86,786,山嶺區,4.286,7,北,2.4,,,,,　,,0.7,192,16,3,0,0,38,249,421,"2,839",264,10,11,0.51,
宜蘭縣,IV-09,棲蘭山,82,700,E121.50041,N24.60478,台7線,棲蘭山,百韜橋,82,500,86,786,山嶺區,4.286,7,南,2.4,,,,,　,,0.7,177,13,1,0,0,52,243,388,"2,770",264,10,11,0.51,
宜蘭縣,IV-10,芃芃,89,900,E121.53798,N24.62445,台7線,百韜橋,牛鬥,86,786,95,196,山嶺區,8.41,8,北,3.5,,,,,　,,0.5,"2,000",57,74,0,1,169,"2,301","3,831","42,338",728,10,11,0.51,
宜蘭縣,IV-10,芃芃,89,900,E121.53798,N24.62445,台7線,百韜橋,牛鬥,86,786,95,196,山嶺區,8.41,8,南,3.5,,,,,　,,0.5,"1,948",54,96,0,2,155,"2,255","3,841","41,492",728,10,11,0.51,
宜蘭縣,IV-11,崙埤,100,0,E121.60978,N24.67383,台7線,牛鬥,再連,95,196,106,564,山嶺區,11.368,8.4,北,3.7,,,,,　,,0.5,"2,188",81,38,0,1,269,"2,577","4,153","29,378",693,10,11,0.57,
宜蘭縣,IV-11,崙埤,100,0,E121.60978,N24.67383,台7線,牛鬥,再連,95,196,106,564,山嶺區,11.368,8.4,南,3.7,,,,,　,,0.5,"1,631",60,58,0,2,222,"1,973","3,273","22,492",693,10,11,0.57,
宜蘭縣,IV-12,水源地,115,400,E121.71591,N24.72881,台7線,水源地,外員山,115,400,120,0,平原區,4.6,15,北,3.5,,,,,2,,2,"4,595",106,146,3,52,"1,138","6,040","5,821","27,784",939,15,16,0.51,
宜蘭縣,IV-12,水源地,115,400,E121.71591,N24.72881,台7線,水源地,外員山,115,400,120,0,平原區,4.6,15,南,3.5,,,,,2,,2,"4,296",101,154,5,83,"1,180","5,819","5,651","26,767",939,15,16,0.51,
宜蘭縣,IV-13,星月廣場,120,500,E121.74965,N24.75581,台7線,外員山,黎明國小,120,0,123,500,平原區,3.5,22.7,北,3.5,3.5,4,,,-,,0.5,"1,069",12,3,0,0,574,"1,658","1,386","5,803",156,16,17,0.55,
宜蘭縣,IV-13,星月廣場,120,500,E121.74965,N24.75581,台7線,外員山,黎明國小,120,0,123,500,平原區,3.5,22.7,南,3.3,3.3,4.4,,,-,,0.2,812,10,1,0,0,552,"1,375","1,110","4,813",165,16,17,0.55,
宜蘭縣,IV-14,壯  圍,124,500,E121.78301,N24.74752,台7線,黎明國小,壯圍,123,500,126,300,平原區,2.8,20,北,3.5,3.5,,,,2.5,,0.5,"3,811",36,41,0,5,"2,791","6,684","5,617","13,368",161,17,18,0.51,
宜蘭縣,IV-14,壯  圍,124,500,E121.78301,N24.74752,台7線,黎明國小,壯圍,123,500,126,300,平原區,2.8,20,南,3.5,3.5,,,,2.5,,0.5,"3,932",46,36,0,5,"3,000","7,019","5,870","14,038",487,17,18,0.51,
宜蘭縣,IV-15,獨立山,5,200,E121.47931,N24.57514,台7甲線,百韜橋,四季,0,0,18,350,山嶺區,18.35,10.9,北,3,,,,,　,,0.4,812,17,65,0,1,44,939,"1,679","10,705",433,10,11,0.51,
宜蘭縣,IV-15,獨立山,5,200,E121.47931,N24.57514,台7甲線,百韜橋,四季,0,0,18,350,山嶺區,18.35,10.9,南,3.9,,,,,　,,0.4,828,13,63,0,0,68,972,"1,690","11,081",433,10,11,0.51,
宜蘭縣,IV-16,可法橋,31,900,E121.36361,N24.43040,台7甲線,四季,思源,18,350,45,755,山嶺區,27.405,7.8,北,3.9,,,,,　,,0.4,411,10,7,0,0,61,489,763,"8,998",305,10,11,0.51,
宜蘭縣,IV-16,可法橋,31,900,E121.36361,N24.43040,台7甲線,四季,思源,18,350,45,755,山嶺區,27.405,7.8,南,3.9,,,,,　,,0.4,428,9,8,0,0,71,516,798,"9,494",305,10,11,0.51,
宜蘭縣,IV-17,復興村,5,900,E121.60919,N24.63256,台7丙線,牛鬥,三星,0,0,13,885,丘陵區,13.885,14.2,北,3.6,,,,,2,,1.5,686,18,4,0,0,124,832,817,"11,565",145,12,13,0.54,
宜蘭縣,IV-17,復興村,5,900,E121.60919,N24.63256,台7丙線,牛鬥,三星,0,0,13,885,丘陵區,13.885,14.2,南,3.6,,,,,2,,1.5,593,15,8,0,1,92,709,708,"9,855",145,12,13,0.54,
宜蘭縣,IV-18,廣興大橋,21,900,E121.72907,N24.66959,台7丙線,廣興大橋,廣興,21,600,23,810,平原區,2.21,16,北,3.5,3.5,,,,-,,1,"5,402",47,85,0,40,"2,486","8,060","7,213","17,732",518,9,10,0.54,
宜蘭縣,IV-18,廣興大橋,21,900,E121.72907,N24.66959,台7丙線,廣興大橋,廣興,21,600,23,810,平原區,2.21,16,南,3.5,3.5,,,,-,,1,"6,125",55,82,0,27,"3,082","9,371","8,261","20,616",709,17,18,0.54,
宜蘭縣,IV-19,羅  東,26,500,E121.77417,N24.67499,台7丙線,羅東,金鼎橄社,26,500,29,400,平原區,2.9,19.4,北,3.5,3.5,,,,-,,2.7,"3,446",60,21,0,0,"5,684","9,211","6,450","26,712",808,17,18,0.54,
宜蘭縣,IV-19,羅  東,26,500,E121.77417,N24.67499,台7丙線,羅東,金鼎橄社,26,500,29,400,平原區,2.9,19.4,南,3.5,3.5,,,,-,,2.7,"3,867",92,20,0,0,"6,856","10,835","7,519","31,422",652,17,18,0.54,
宜蘭縣,IV-20,利澤簡橋,30,800,E121.81501,N24.66881,台7丙線,金鼎橄社,利澤簡橋,29,400,30,800,平原區,1.4,14.4,北,3.4,,,,,2.2,,1.6,"5,140",84,228,1,16,"4,543","10,012","8,087","14,017","1,425",17,18,0.51,
宜蘭縣,IV-20,利澤簡橋,30,800,E121.81501,N24.66881,台7丙線,金鼎橄社,利澤簡橋,29,400,30,800,平原區,1.4,14.4,南,3.4,,,,,2.2,,1.6,"4,951",75,271,0,15,"4,494","9,806","7,935","13,728","1,425",17,18,0.51,
宜蘭縣,IV-21,圳頭,6,800,E121.67099,N24.74940,台7丁線,圳頭,大湖 ,6,800,9,600,平原區,2.8,14.8,北,3.5,3.5,,,,-,,0.4,557,14,3,0,0,195,769,689,"2,153",108,9,10,0.52,
宜蘭縣,IV-21,圳頭,6,800,E121.67099,N24.74940,台7丁線,圳頭,大湖 ,6,800,9,600,平原區,2.8,14.8,南,3.5,3.5,,,,-,,0.4,511,13,2,0,1,194,721,641,"2,019",113,15,16,0.52,
宜蘭縣,IV-26,新城橋東,14,600,E121.73500,N24.76258,台7丁線,四慈橋,宜蘭,10,400,16,200,平原區,5.8,7.6,北,3.6,,,,,-,,0.2,"4,178",20,52,0,94,910,"5,254","5,114","30,473",907,17,18,0.53,
宜蘭縣,IV-26,新城橋東,14,600,E121.73500,N24.76258,台7丁線,四慈橋,宜蘭,10,400,16,200,平原區,5.8,7.6,南,3.6,,,,,-,,0.2,"4,644",23,78,0,195,911,"5,851","5,928","33,936",907,17,18,0.53,
花蓮縣,IV-23,慈恩,132,700,E121.38497,N24.19203,台8線,大禹嶺,洛韶,112,85,154,100,山嶺區,42,7.4,東,3.2,,,,,-,,0.5,265,2,6,0,2,73,348,525,"14,616",246,10,11,0.52,
花蓮縣,IV-23,慈恩,132,700,E121.38497,N24.19203,台8線,大禹嶺,洛韶,112,85,154,100,山嶺區,42,7.4,西,3.2,,,,,-,,0.5,247,2,5,0,2,70,326,490,"13,692",246,10,11,0.52,
花蓮縣,IV-24,太魯閣口,186,500,E121.62172,N24.15550,台8線,洛韶,太魯閣,154,100,188,117,山嶺區,34,8.4,東,2.8,,,,,-,,1.4,"1,326",197,56,2,3,591,"2,175","3,880","73,950",800,12,13,0.51,
花蓮縣,IV-24,太魯閣口,186,500,E121.62172,N24.15550,台8線,洛韶,太魯閣,154,100,188,117,山嶺區,34,8.4,西,2.8,,,,,-,,1.4,"1,378",189,62,0,0,494,"2,123","3,816","72,182",800,12,13,0.51,
宜蘭縣,IV-25,北宜公路,68,600,E121.79408,N24.84941,台9線,北宜公路,猴洞橋,68,600,69,600,平原區,1,10.6,北,4,,,,,-,,1.3,"1,594", -   ,152,0,2,756,"2,504","2,282","2,504","1,420",16,17,0.57,
宜蘭縣,IV-25,北宜公路,68,600,E121.79408,N24.84941,台9線,北宜公路,猴洞橋,68,600,69,600,平原區,1,10.6,南,4,,,,,-,,1.3,"2,214",1,160,1,1,974,"3,351","3,046","3,351","1,420",16,17,0.57,
宜蘭縣,IV-26,礁溪轉運站,71,500,E121.77736,N24.83022,台9線,天隆飯店,十六結橋,71,500,74,200,平原區,2.7,23.6,北,3.5,3.5,,,,2.5,,2.3,"11,611",446,220,8,62,"3,638","15,985","14,972","43,160","1,343",11,12,0.5,
宜蘭縣,IV-26,礁溪轉運站,71,500,E121.77736,N24.83022,台9線,天隆飯店,十六結橋,71,500,74,200,平原區,2.7,23.6,南,3.5,3.5,,,,2.5,,2.3,"10,917",450,293,2,20,"4,075","15,757","14,507","42,544",809,16,17,0.5,
宜蘭縣,IV-27,辛仔罕橋  南端,78,700,E121.76425,N24.77353,台9線,宜蘭市區,辛仔罕橋南端,77,880,79,130,平原區,1.25,25.2,北,3.5,3.5,3.5,,,2,,0.1,"4,077",135,163,5,45,697,"5,122","5,163","6,659",513,16,17,0.51,
宜蘭縣,IV-27,辛仔罕橋  南端,78,700,E121.76425,N24.77353,台9線,宜蘭市區,辛仔罕橋南端,77,880,79,130,平原區,1.25,25.2,南,3.5,3.5,3.5,,,2,,0.1,"4,114",135,158,6,68,804,"5,285","5,339","6,871",455,17,18,0.51,
宜蘭縣,IV-28,五結,87,900,E121.76997,N24.69239,台9線,二結,羅東 ,86,172,90,340,平原區,4.168,20.4,北,3.5,3.7,,,,2.5,,0.5,"8,724",272,113,0,7,"4,135","13,251","11,804","55,654","1,195",8,9,0.51,
宜蘭縣,IV-28,五結,87,900,E121.76997,N24.69239,台9線,二結,羅東 ,86,172,90,340,平原區,4.168,20.4,南,3.5,3.7,,,,2.5,,0.5,"8,234",260,100,1,10,"5,316","13,921","11,997","58,468","1,225",8,9,0.51,
宜蘭縣,IV-29,冬山河,94,750,E121.78674,N24.64221,台9線,羅東,四區工程處,90,340,102,700,平原區,7.95,19.8,北,3.5,3.5,,,,2.4,,0.5,"8,510",103,162,1,135,"4,953","13,864","11,793","8,318","1,047",17,18,0.52,
宜蘭縣,IV-29,冬山河,94,750,E121.78674,N24.64221,台9線,羅東,四區工程處,90,340,102,700,平原區,7.95,19.8,南,3.5,3.5,,,,2.4,,0.5,"8,183",94,167,1,92,"4,400","12,937","11,054","7,762",976,7,8,0.52,
宜蘭縣,IV-30,公路總局四區工程處,102,700,E121.83511,N24.59681,台9線,四區工程處,蘇澳市區,102,700,103,0,平原區,0.6,20.2,北,3.7,3.7,,,,2,,0.7,"6,658",275,352,2,370,"2,332","9,989","9,881","2,997","1,090",17,18,0.53,
宜蘭縣,IV-30,公路總局四區工程處,102,700,E121.83511,N24.59681,台9線,四區工程處,蘇澳市區,102,700,103,0,平原區,0.6,20.2,南,3.7,3.7,,,,2,,0.7,"8,373",217,417,0,338,"2,115","11,460","11,397","3,438","1,289",12,13,0.53,
宜蘭縣,IV-31,南澳,130,500,E121.80568,N24.46699,台9線,南澳,谷風,130,500,152,800,丘陵區,22.3,8,北,3.5,,,,,　,,0.5,"6,138",241,67,0,96,130,"6,672","6,727","102,312","1,162",10,11,0.56,
宜蘭縣,IV-31,南澳,130,500,E121.80568,N24.46699,台9線,南澳,谷風,130,500,152,800,丘陵區,22.3,8,南,3.5,,,,,　,,0.5,"4,711",78,61,0,111,199,"5,160","7,039","113,418","1,162",10,11,0.56,
宜蘭縣,IV-32,和中,162,500,E121.74062,N24.26842,台9線,谷風,清水,152,800,167,100,丘陵區,14.3,9,北,3.5,,,,,　,,0.5,"3,287",198,364,0,255,364,"4,468","6,350","20,981",844,11,12,0.58,
宜蘭縣,IV-32,和中,162,500,E121.74062,N24.26842,台9線,谷風,清水,152,800,167,100,丘陵區,14.3,9,南,3.5,,,,,　,,1.5,"2,409",24,351,0,221,252,"3,257","5,909","19,982",844,11,12,0.58,
花蓮縣,IV-33,新田橋,183,800,E121.64306,N24.13222,台9線,太魯閣大橋,新田橋,181,266,183,800,山嶺區,2.5,22.2,北,3.6,"4,0",,,,3,,0.5,"5,375",333,295,0,123,"1,340","7,466","13,404","18,665","1,349",10,11,0.52,
花蓮縣,IV-33,新田橋,183,800,E121.64306,N24.13222,台9線,太魯閣大橋,新田橋,181,266,183,800,山嶺區,2.5,22.2,南,3.6,"4,0",,,,3,,0.5,"5,171",268,297,0,85,966,"6,787","12,143","16,968","1,377",16,17,0.52,
花蓮縣,IV-34,懷恩橋,189,130,E121.61600,N24.10219,台9線,新田橋,懷恩橋,183,800,189,130,平原區,5.3,26.2,北,3.5,3.7,,,,2.1,,3.8,"7,032",306,418,4,670,"1,318","9,748","9,917","51,664","1,163",17,18,0.5,
花蓮縣,IV-34,懷恩橋,189,130,E121.61600,N24.10219,台9線,新田橋,懷恩橋,183,800,189,130,平原區,5.3,26.2,南,3.5,3.7,,,,2.1,,3.8,"6,731",406,329,1,662,"1,528","9,657","9,828","51,182","1,055",15,16,0.5,
花蓮縣,IV-35,海星中學,200,200,E121.61366,N24.00712,台9線,懷恩橋,海星中學,189,130,200,900,平原區,2.2,22.4,北,3.5,3.5,,,,2.2,,2,"7,724",291,195,0,632,"2,533","11,375","12,123","25,025","1,110",17,18,0.52,
花蓮縣,IV-35,海星中學,200,200,E121.61366,N24.00712,台9線,懷恩橋,海星中學,189,130,200,900,平原區,2.2,22.4,南,3.5,3.5,,,,2.2,,2,"6,782",223,208,0,579,"2,521","10,313","10,931","22,689","1,249",7,8,0.52,
花蓮縣,IV-36,中正橋,204,330,E121.61264,N23.98064,台9線,海星中學,中正橋,200,900,204,330,平原區,3.4,20,北,3.6,3.6,,,,2.8,,0.3,"7,567",179,69,0,15,"6,154","13,984","1,811","28,728","1,281",7,8,0.56,
花蓮縣,IV-36,中正橋,204,330,E121.61264,N23.98064,台9線,海星中學,中正橋,200,900,204,330,平原區,3.4,20,南,3.6,3.6,,,,2.8,,0.3,"9,189",78,55,0,2,"8,244","17,568","1,575","26,300","1,817",17,18,0.56,
花蓮縣,IV-37,仁里橋,206,500,E121.59425,N23.98064,台9線,中正橋,仁里橋,204,330,206,500,平原區,2.2,20.4,北,3.6,,,,,2.6,,4,"6,931",76,72,0,2,"7,531","14,612","1,559","20,150","1,617",17,18,0.51,
花蓮縣,IV-37,仁里橋,206,500,E121.59425,N23.98064,台9線,中正橋,仁里橋,204,330,206,500,平原區,2.2,20.4,南,3.6,,,,,2.6,,4,"6,548",72,116,0,0,"7,297","14,033","1,413","19,042","1,617",17,18,0.51,
花蓮縣,IV-38,壽豐,219,800,E121.52123,N23.88208,台9線,仁里橋,壽豐,206,500,219,700,平原區,13.2,21.2,北,3.3,3.3,,,,2,,2,"7,057",89,207,3,125,"1,878","9,359","1,994","24,596",891,17,18,0.5,
花蓮縣,IV-38,壽豐,219,800,E121.52123,N23.88208,台9線,仁里橋,壽豐,206,500,219,700,平原區,13.2,21.2,南,3.3,3.3,,,,2,,2,"6,934",72,226,1,96,"1,873","9,202","2,166","26,013",704,11,12,0.5,
花蓮縣,IV-39,溪口,229,0,E121.47025,N23.81516,台9線,壽豐,溪口,219,700,229,0,平原區,9.3,19.4,北,3.3,3.3,,,,2,,0.5,"5,850",53,89,0,46,230,"6,268","1,680","5,172",834,15,16,0.53,
花蓮縣,IV-39,溪口,229,0,E121.47025,N23.81516,台9線,壽豐,溪口,219,700,229,0,平原區,9.3,19.4,南,3.3,3.3,,,,"2,1",2,0.5,"5,739",91,346,0,246,614,"7,036","1,449","4,784",817,11,12,0.53,
花蓮縣,IV-40,林榮,232,100,E121.44485,N23.73713,台9線,溪口,林榮,229,0,232,100,平原區,11.2,18.4,北,3.5,3.5,,,,2,,0.2,"5,272",75,237,0,248,458,"6,290","1,310","14,076",567,10,11,0.5,
花蓮縣,IV-40,林榮,232,100,E121.44485,N23.73713,台9線,溪口,林榮,229,0,232,100,平原區,11.2,18.4,南,3.5,3.5,,,,2,,0.2,"5,195",114,195,0,273,460,"6,237","1,054","12,668",730,15,16,0.5,
花蓮縣,IV-41,鳳林,240,200,E121.44485,N23.73713,台9線,溪口,鳳林,229,0,240,200,平原區,8.1,20.6,北,3.5,3.5,,,,2.1,,1.2,"5,823",131,365,0,299,"1,001","7,619","8,166","85,333",713,12,13,0.5,
花蓮縣,IV-41,鳳林,240,200,E121.44485,N23.73713,台9線,溪口,鳳林,229,0,240,200,平原區,8.1,20.6,南,3.5,3.5,,,,2.1,,1.2,"5,698",146,415,0,327,978,"7,564","8,206","84,717",738,15,16,0.5,
花蓮縣,IV-42,馬太鞍溪橋,247,0,E121.40885,N23.69187,台9線,鳳林,馬太鞍溪橋,240,200,247,0,平原區,6.8,12.4,北,3.6,,,,,2.1,,0.5,"5,679",82,247,0,152,592,"6,752","7,089","45,914","1,347",15,16,0.51,
花蓮縣,IV-42,馬太鞍溪橋,247,0,E121.40885,N23.69187,台9線,鳳林,馬太鞍溪橋,240,200,247,0,平原區,6.8,12.4,南,3.6,,,,,2.1,,0.5,"5,301",117,269,0,164,640,"6,491","6,885","44,139","1,347",15,16,0.51,
花蓮縣,IV-43,玉  里,293,600,E121.32297,N23.32561,台9線,玉里,安通,290,0,296,0,山嶺區,6,24.2,北,3.7,3.7,,,,2.2,,2.5,"2,179",66,149,1,31,439,"2,865","5,007","17,190",394,17,18,0.52,
花蓮縣,IV-43,玉  里,293,600,E121.32297,N23.32561,台9線,玉里,安通,290,0,296,0,山嶺區,6,24.2,南,3.7,3.7,,,,2.2,,2.5,"2,080",28,140,0,19,368,"2,635","4,461","15,810",384,10,11,0.52,
花蓮縣,IV-44,安  通,297,700,E121.33296,N23.29918,台9線,安通,竹田,296,0,306,0,山嶺區,10,12.8,北,3.7,,,,,2.2,,0.5,"3,179",97,85,1,113,350,"3,825","6,827","38,250","1,033",14,15,0.51,
花蓮縣,IV-44,安  通,297,700,E121.33296,N23.29918,台9線,安通,竹田,296,0,306,0,山嶺區,10,12.8,南,3.7,,,,,2.2,,0.5,"3,096",67,88,1,98,329,"3,679","6,441","36,790","1,033",14,15,0.51,
花蓮縣,IV-45,富  里,316,500,E121.24219,N23.16596,台9線,富里,池上,313,0,319,737,山嶺區,6.7,19.2,北,3.7,3.7,,,,1.8,,0.4,"2,266",33,221,0,5,368,"2,893","5,072","19,383",412,14,15,0.51,
花蓮縣,IV-45,富  里,316,500,E121.24219,N23.16596,台9線,富里,池上,313,0,319,737,山嶺區,6.7,19.2,南,3.7,3.7,,,,1.8,,0.4,"2,100",65,215,0,30,392,"2,802","5,152","18,773",525,12,13,0.51,
花蓮縣,IV-46,荳蘭橋,1,700,E121.58792,N23.97422,台9丙線,花蓮酒廠,鯉魚潭,0,0,18,0,平原區,18,19.6,北,3.7,,,,,2.5,,3.6,"5,530",26,100,0,1,"5,551","11,208","8,561","201,744","1,390",16,17,0.51,
花蓮縣,IV-46,荳蘭橋,1,700,E121.58792,N23.97422,台9丙線,花蓮酒廠,鯉魚潭,0,0,18,0,平原區,18,19.6,南,3.7,,,,,2.5,,3.6,"5,659",33,85,0,0,"5,981","11,758","8,886","211,644","1,390",16,17,0.51,
花蓮縣,IV-47,鯉魚潭,18,0,E121.50572,N23.91494,台9丙線,鯉魚潭,壽豐,18,0,22,738,平原區,4.7,12.6,北,3.5,,,,,-,,0.8,626,27,23,0,4,255,935,866,"4,395",237,11,12,0.51,
花蓮縣,IV-47,鯉魚潭,18,0,E121.50572,N23.91494,台9丙線,鯉魚潭,壽豐,18,0,22,738,平原區,4.7,12.6,南,3.5,,,,,-,,0.8,670,31,21,0,5,259,986,919,"4,634",237,11,12,0.51,
宜蘭縣,IV-48,蘇澳市區,0,500,E121.84102,N24.59606,台9丁線,蘇澳市區,蘇澳火車站,0,0,1,400,平原區,1.4,15,北,3.5,,,,,2,,2,"5,928",171,15,0,2,"3,084","9,200","7,848","12,880","1,161",11,12,0.52,
宜蘭縣,IV-48,蘇澳市區,0,500,E121.84102,N24.59606,台9丁線,蘇澳市區,蘇澳火車站,0,0,1,400,平原區,1.4,15,南,3.5,,,,,2,,2,"5,881",169,16,0,0,"2,552","8,618","7,527","12,065","1,161",11,12,0.52,
宜蘭縣,IV-49,蘇澳管制站,5,600,E121.86636,N24.57582,台9丁線,蘇澳火車站,蘇澳管制站,1,400,5,600,丘陵區,4.2,7.6,北,3.3,,,,,　,,0.5,303,3,23,0,6,386,721,604,"3,028",203,15,16,0.56,
宜蘭縣,IV-49,蘇澳管制站,5,600,E121.86636,N24.57582,台9丁線,蘇澳火車站,蘇澳管制站,1,400,5,600,丘陵區,4.2,7.6,南,3.3,,,,,　,,0.5,271,3,26,1,7,249,557,523,"2,339",203,15,16,0.56,
花蓮縣,IV-50,花蓮大橋,5,400,E121.60142,N23.92350,台11線,花蓮市區,花蓮大橋,0,0,5,900,平原區,37.2,10.4,北,3.6,3.6,,,,-,,1.6,"2,724",173,163,0,29,721,"3,810","3,821","141,732",792,17,18,0.5,
花蓮縣,IV-50,花蓮大橋,5,400,E121.60142,N23.92350,台11線,花蓮市區,花蓮大橋,0,0,5,900,平原區,37.2,10.4,南,3.6,3.6,,,,-,,1.6,"2,808",103,137,0,28,732,"3,808","3,765","141,658",472,9,10,0.5,
花蓮縣,IV-51,水璉,23,300,E121.56353,N23.78609,台11線,花蓮大橋,水璉,5,900,23,0,丘陵區,17.1,14.4,北,3.5,,,,,2,,1.7,"1,313",102,56,0,31,178,"1,680","1,811","28,728",567,14,15,0.52,
花蓮縣,IV-51,水璉,23,300,E121.56353,N23.78609,台11線,花蓮大橋,水璉,5,900,23,0,丘陵區,17.1,14.4,南,3.5,,,,,2,,1.7,"1,249",31,40,0,30,188,"1,538","1,575","26,300",567,14,15,0.52,
花蓮縣,IV-52,磯碕,36,900,E121.54717,N23.70493,台11線,水璉,磯碕,23,0,37,200,丘陵區,14.2,7.2,北,3.5,,,,,-,,0.1,"1,081",124,35,0,28,151,"1,419","1,559","20,150",542,14,15,0.51,
花蓮縣,IV-52,磯碕,36,900,E121.54717,N23.70493,台11線,水璉,磯碕,23,0,37,200,丘陵區,14.2,7.2,南,3.5,,,,,-,,0.1,"1,089",49,28,0,33,142,"1,341","1,413","19,042",542,14,15,0.51,
花蓮縣,IV-53,豐濱,50,500,E121.52359,N23.60112,台11線,磯碕,豐濱,37,200,50,200,丘陵區,13,12,北,3.5,,,,,2.1,,0.4,"1,486",49,55,0,10,292,"1,892","1,994","24,596",595,14,15,0.51,
花蓮縣,IV-53,豐濱,50,500,E121.52359,N23.60112,台11線,磯碕,豐濱,37,200,50,200,丘陵區,13,12,南,3.5,,,,,2.1,,0.4,"1,518",110,38,0,8,327,"2,001","2,166","26,013",595,14,15,0.51,
花蓮縣,IV-54,立德,54,100,E121.51859,N23.56757,台11線,豐濱,立德,50,200,54,200,丘陵區,4,12.8,北,3.5,,,,,2.1,,0.8,951,140,29,0,30,143,"1,293","1,680","5,172",498,14,15,0.52,
花蓮縣,IV-54,立德,54,100,E121.51859,N23.56757,台11線,豐濱,立德,50,200,54,200,丘陵區,4,12.8,南,3.5,,,,,2.1,,0.8,968,48,32,0,37,111,"1,196","1,449","4,784",498,14,15,0.52,
花蓮縣,IV-55,靜浦,68,0,E121.48808,N23.46663,台11線,立德,靜浦,54,200,68,0,丘陵區,13.8,14.6,北,3.5,,,,,2,,1.8,758,97,28,0,24,113,"1,020","1,310","14,076",401,13,14,0.53,
花蓮縣,IV-55,靜浦,68,0,E121.48808,N23.46663,台11線,立德,靜浦,54,200,68,0,丘陵區,13.8,14.6,南,3.5,,,,,2,,1.8,760,24,15,0,26,93,918,"1,054","12,668",401,13,14,0.53,
花蓮縣,IV-56,光復,0,800,E121.42979,N23.66387,台11甲線,光復,富田,0,0,4,0,山嶺區,4,9,東,3.5,,,,,-,,1,"1,672",3,11,0,0,349,"2,035","2,927","8,140",699,8,9,0.61,
花蓮縣,IV-56,光復,0,800,E121.42979,N23.66387,台11甲線,光復,富田,0,0,4,0,山嶺區,4,9,西,3.5,,,,,-,,1,"1,659",14,37,0,3,"1,406","3,119","4,171","12,476",699,8,9,0.61,
花蓮縣,IV-57,富田,4,0,E121.45782,N23.65629,台11甲線,富田,豐濱,4,0,19,238,山嶺區,15.2,8.2,東,3.1,,,,,-,,1,274,8,14,0,0,70,366,591,"5,563",158,13,14,0.5,
花蓮縣,IV-57,富田,4,0,E121.45782,N23.65629,台11甲線,富田,豐濱,4,0,19,238,山嶺區,15.2,8.2,西,3.1,,,,,-,,1,269,11,13,0,1,75,369,606,"5,609",158,13,14,0.5,
花蓮縣,IV-58,光華,0,100,E121.59046,N23.92485,台11丙線,光華,壽豐,0,0,10,0,山嶺區,10,20,北,3.7,3.7,,,,2.2,,0.4,"4,003",121,233,0,373,688,"5,418","11,074","54,180","1,151",17,18,0.51,
花蓮縣,IV-58,光華,0,100,E121.59046,N23.92485,台11丙線,光華,壽豐,0,0,10,0,山嶺區,10,20,南,3.7,3.7,,,,2.2,,0.4,"3,959",90,220,1,313,697,"5,280","10,384","52,800",996,9,10,0.51,
花蓮縣,IV-59,溪口,18,100,E121.47350,N23.81539,台11丙線,壽豐,溪口,10,0,18,650,平原區,8.65,19.6,北,3.5,3.5,,,,2,,0.8,"1,938",85,98,0,277,153,"2,551","5,914","22,194",598,15,16,0.51,
花蓮縣,IV-59,溪口,18,100,E121.47350,N23.81539,台11丙線,壽豐,溪口,10,0,18,650,平原區,8.65,19.6,南,3.5,3.5,,,,2,,0.8,"2,032",43,126,0,266,165,"2,632","5,920","22,907",679,11,12,0.51,
花蓮縣,IV-60,大禹嶺,41,250,E121.30642,N24.17856,台14甲線,松雪樓,大禹嶺,32,975,41,694,平原區,8.7,9.8,北,4.1,,,,,-,,0.8,570,5,63,0,2,87,727,"1,228","6,325",462,13,14,0.51,
花蓮縣,IV-60,大禹嶺,41,250,E121.30642,N24.17856,台14甲線,松雪樓,大禹嶺,32,975,41,694,平原區,8.7,9.8,南,4.1,,,,,-,,0.8,566,4,51,0,2,123,746,"1,206","6,490",462,13,14,0.51,
花蓮縣,IV-61,富里,1,500,E121.25228,N23.17297,台23線,富里,東河,0,0,16,563,平原區,16.6,9,北,3.7,,,,,-,,0.8,355,2,37,0,0,201,595,929,"9,877",177,9,10,0.51,
花蓮縣,IV-61,富里,1,500,E121.25228,N23.17297,台23線,富里,東河,0,0,16,563,平原區,16.6,9,南,3.7,,,,,-,,0.8,386,3,29,0,0,208,626,947,"10,392",177,9,10,0.51,
花蓮縣,IV-62,安通(玉長公路),26,0,E121.35838,N23.26730,台30線,玉里,寧埔,15,100,28,822,平原區,13.7,9,東,3.5,,,,,-,,1,664,10,24,0,0,66,764,"1,198","10,467",336,15,16,0.5,
花蓮縣,IV-62,安通(玉長公路),26,0,E121.35838,N23.26730,台30線,玉里,寧埔,15,100,28,822,平原區,13.7,9,西,3.5,,,,,-,,1,665,13,19,0,1,73,771,"1,206","10,563",336,15,16,0.5,
