縣市別,調查站_編號,調查站_地點,調查站_樁號_K,調查站_樁號_百位數,調查站_座標_經度,調查站_座標_緯度,路線編號,起迄地名_起點,起迄地名_迄點,起點樁號_K,起點樁號_百位數,迄點樁號_K,迄點樁號_百位數,地形,里程(公里),路面寬度(公尺),方向(往),車道佈設_快車道寬度(公尺)_1,車道佈設_快車道寬度(公尺)_2,車道佈設_快車道寬度(公尺)_3,車道佈設_快車道寬度(公尺)_4,車道佈設_快車道寬度(公尺)_5,車道佈設_機慢車道寬度(公尺)_1,車道佈設_機慢車道寬度(公尺)_2,車道佈設_路肩寬度(公尺),各車種車輛數(輛/日)_小型車,各車種車輛數(輛/日)_大客車,各車種車輛數(輛/日)_大貨車,各車種車輛數(輛/日)_全聯結車,各車種車輛數(輛/日)_半聯結車,各車種車輛數(輛/日)_機車,各車種車輛數(輛/日)_合計,總計_流量(PCU),總計_車公里,尖峰小時_交通量(PCU),尖峰小時_時段_起,尖峰小時_時段_迄,方向係數,備註,,,
高雄市,Ⅲ-01,太爺,345,200,120.2265273,22.91066728,台1線,南高縣市界,岡山,344,452,359,019,平原區,14.6,34.2,北,3.7,3.7,3.5,,,2.6,,2.1,11220,46,305,2,66,11904,23543,20284,343728,2313,7,8,0.51 ,,,,
高雄市,Ⅲ-01,太爺,345,200,120.2265273,22.91066728,台1線,南高縣市界,岡山,344,452,359,019,平原區,14.6,34.2,南,3.7,3.7,3.5,,,2.6,,2.1,10981,63,298,4,59,11054,22459,19450,327901,2210,7,8,0.51 ,,,,
高雄市,Ⅲ-02,青埔橋,366,800,120.3170119,22.74262764,台1線,岡山,仁武,359,019,371,267,平原區,12.2,34.8,北,3.5,3.5,3.5,,,4.3,,0.9,11146,64,313,18,209,11990,23740,20786,289628,2748,7,8,0.51 ,,,,
高雄市,Ⅲ-02,青埔橋,366,800,120.3170119,22.74262764,台1線,岡山,仁武,359,019,371,267,平原區,12.2,34.8,南,3.5,3.5,3.5,,,4.3,,0.9,10164,60,370,17,252,13737,24600,21232,300120,2638,17,18,0.51 ,,,,
高雄市,Ⅲ-03,八卦寮,372,000,120.3226134,22.6978182,台1線,仁武,鳳山,371,267,383,309,平原區,12,25.6,北,3.4,3.2,,,,2.5,2.3,0.8,18069,196,614,3,174,29383,48439,40383,581268,5119,7,8,0.53 ,,,,
高雄市,Ⅲ-03,八卦寮,372,000,120.3226134,22.6978182,台1線,仁武,鳳山,371,267,383,309,平原區,12,25.6,南,3.4,3.6,,,,2.5,2.3,0.8,15906,251,495,2,31,29469,46154,37753,553848,4599,17,18,0.53 ,,,,
高雄市,Ⅲ-04,大智橋,384,200,120.3675867,22.6343168,台1線,鳳山,後庄,383,309,385,923,平原區,2.6,16.2,北,3,2.8,,,,1.8,,0.3,16745,53,273,9,103,16934,34117,29425,88704,2901,7,8,0.51 ,,,,
高雄市,Ⅲ-04,大智橋,384,200,120.3675867,22.6343168,台1線,鳳山,後庄,383,309,385,923,平原區,2.6,16.2,南,2.6,2.8,,,,2,,0.4,16626,48,275,10,115,17477,34551,29720,89833,3008,7,8,0.51 ,,,,
高雄市,Ⅲ-05,高屏大橋,390,500,120.42672922,22.64459855,台1線,後庄,高屏大橋,385,923,392,646,平原區,6.7,30.1,北,3.7,3.7,3.8,,,3.3,,0.2,23156,62,382,27,542,15251,39420,36205,264114,4210,7,8,0.55 ,"快慢分隔,1車道",,,
高雄市,Ⅲ-05,高屏大橋,390,500,120.42672922,22.64459855,台1線,後庄,高屏大橋,385,923,392,646,平原區,6.7,30.1,南,3.6,3.7,3.6,,,3.3,,0.2,21917,52,433,37,457,11223,34119,31983,228597,3393,17,18,0.55 ,"快慢分隔,1車道",,,
屏東縣,Ⅲ-06,西屏東,394,200,120.4602563,22.65344499,台1線,高屏大橋,頭前溪,392,646,394,603,平原區,2,33.2,北,3.5,3.5,3.5,,,2.0,,2.5,19127,53,304,23,435,13507,33449,30492,66898,3645,7,8,0.55 ,,,,
屏東縣,Ⅲ-06,西屏東,394,200,120.4602563,22.65344499,台1線,高屏大橋,頭前溪,392,646,394,603,平原區,2,33.2,南,3.5,3.5,3.5,,,2.0,,2.5,18446,48,382,25,413,10850,30164,28000,60328,2938,17,18,0.55 ,,,,
屏東縣,Ⅲ-07,牛稠溪橋,395,950,120.4768463,22.65327127,台1線,頭前溪,國立商專,394,603,399,503,平原區,4.9,24.2,北,3.5,3.5,,,,2.0,,1.8,9191,38,220,16,238,6998,16701,15239,81835,1979,7,8,0.57 ,,,,
屏東縣,Ⅲ-07,牛稠溪橋,395,950,120.4768463,22.65327127,台1線,頭前溪,國立商專,394,603,399,503,平原區,4.9,24.2,南,3.5,3.5,,,,2.0,,1.8,8577,32,184,17,233,6690,15733,14334,77092,1471,17,18,0.57 ,,,,
屏東縣,Ⅲ-08,豐田招呼站,404,300,120.5429440,22.63256923,台1線,國立商專,內埔,399,503,406,292,平原區,6.8,21.2,北,3.5,3.5,,,,2,,1.2,11099,130,281,2,107,8750,20369,18168,138509,2303,7,8,0.56 ,,,,
屏東縣,Ⅲ-08,豐田招呼站,404,300,120.5429440,22.63256923,台1線,國立商專,內埔,399,503,406,292,平原區,6.8,21.2,南,3.5,3.5,,,,2,,1.2,10973,118,270,3,92,8587,20043,17851,136292,1802,17,18,0.56 ,,,,
屏東縣,Ⅲ-09,新美和護專,408,200,120.5607922,22.60423232,台1線,內埔,美和護專,406,292,408,804,平原區,2.5,20.2,北,3.5,3.5,,,,1.8,,0.8,3560,22,149,0,57,2904,6692,6021,16730,724,7,8,0.56 ,,,,
屏東縣,Ⅲ-09,新美和護專,408,200,120.5607922,22.60423232,台1線,內埔,美和護專,406,292,408,804,平原區,2.5,20.2,南,3.5,3.5,,,,1.8,,0.8,3632,29,144,0,65,2574,6444,5889,16110,577,7,8,0.56 ,,,,
屏東縣,Ⅲ-10,竹田招呼站,411,500,120.5460035,22.57787069,台1線,美和護專,潮州,408,804,413,414,平原區,4.6,20.7,北,3.4,3.3,,,,1.8,,0.9,7054,78,193,0,94,4466,11885,10869,54671,1082,17,18,0.53 ,,,,
屏東縣,Ⅲ-10,竹田招呼站,411,500,120.5460035,22.57787069,台1線,美和護專,潮州,408,804,413,414,平原區,4.6,20.7,南,3.3,3.2,,,,1.8,,0.9,7030,52,218,0,99,4452,11851,10848,54515,964,7,8,0.53 ,,,,
屏東縣,Ⅲ-11,中油加油站,415,600,120.5551827,22.54718131,台1線,潮州,潮農倉庫,413,414,418,103,平原區,4.7,21.4,北,3.5,3.5,,,,2.3,,0.5,4860,21,189,0,99,1982,7151,6860,33610,736,17,18,0.53 ,,,,
屏東縣,Ⅲ-11,中油加油站,415,600,120.5551827,22.54718131,台1線,潮州,潮農倉庫,413,414,418,103,平原區,4.7,21.4,南,3.5,3.5,,,,2.3,,0.5,4509,34,187,0,80,1944,6754,6442,31744,652,17,18,0.53 ,,,,
屏東縣,Ⅲ-12,武丁招呼站,419,500,120.5314176,22.52479128,台1線,潮農倉庫,新埤,418,103,425,433,平原區,7.3,21.2,北,3.5,3.5,,,,2.3,,0.4,4065,51,188,0,56,2424,6784,6289,49523,695,17,18,0.52 ,,,,
屏東縣,Ⅲ-12,武丁招呼站,419,500,120.5314176,22.52479128,台1線,潮農倉庫,新埤,418,103,425,433,平原區,7.3,21.2,南,3.5,3.5,,,,2.3,,0.4,4737,42,189,0,60,2779,7807,7209,56991,740,7,8,0.52 ,,,,
屏東縣,Ⅲ-13,新埤大橋北,426,600,120.5496897,22.46346002,台1線,新埤,水底寮,425,433,435,942,平原區,10.5,23.4,北,3.5,3.5,,,,1.8,,1.2,14533,237,514,6,486,2436,18212,18841,191226,2295,16,17,0.55 ,,,,
屏東縣,Ⅲ-13,新埤大橋北,426,600,120.5496897,22.46346002,台1線,新埤,水底寮,425,433,435,942,平原區,10.5,23.4,南,3.5,3.5,,,,1.8,,1.2,14631,302,567,2,526,2821,18849,19494,197914,1896,9,10,0.55 ,,,,
屏東縣,Ⅲ-14,水底寮,437,000,120.5957307,22.38297903,台1線,水底寮,枋寮,435,942,437,000,平原區,1.1,24.4,北,3.5,3.5,,,,2.2,,2.8,11100,192,444,0,265,2375,14376,14512,15814,1816,16,17,0.55 ,,,,
屏東縣,Ⅲ-14,水底寮,437,000,120.5957307,22.38297903,台1線,水底寮,枋寮,435,942,437,000,平原區,1.1,24.4,南,3.5,3.5,3.5,,,,,1.1,10826,234,383,0,254,2304,14001,13896,15401,1491,10,11,0.55 ,,,,
屏東縣,Ⅲ-15,博愛橋,438,300,120.6025196,22.37321705,台1線,枋寮,枋山,437,000,453,693,平原區,16.7,23.2,北,3.5,3.5,,,,2.5,,2.0,8500,159,399,0,209,1201,10468,10806,174816,1603,16,17,0.52 ,,,,
屏東縣,Ⅲ-15,博愛橋,438,300,120.6025196,22.37321705,台1線,枋寮,枋山,437,000,453,693,平原區,16.7,23.2,南,3.5,3.5,,,,2.2,,0.3,8387,152,364,0,231,1137,10271,10650,171526,1491,10,11,0.52 ,,,,
屏東縣,Ⅲ-16,楓港加油站,460,200,120.6883537,22.20194589,台1線,枋山,楓港,453,693,460,600,平原區,6.9,26,北,3.5,3.5,3.5,,,,,1.6,6010,141,128,0,75,550,6904,6969,47638,1396,16,17,0.56 ,,,,
屏東縣,Ⅲ-16,楓港加油站,460,200,120.6883537,22.20194589,台1線,枋山,楓港,453,693,460,600,平原區,6.9,26,南,3.5,3.5,,,,2.0,,1.9,5812,130,110,0,62,625,6739,6796,46499,1081,11,12,0.56 ,,,,
高雄市,Ⅲ-17,鳳山,4,400,120.3509835,22.62742102,台1戊線,高雄市市界,鳳山,3,240,6,506,平原區,3.3,16,北,3.4,3.5,,,,,,1.0,6864,82,63,0,0,12990,19999,14876,65997,1235,17,18,0.53 ,,,,
高雄市,Ⅲ-17,鳳山,4,400,120.3509835,22.62742102,台1戊線,高雄市市界,鳳山,3,240,6,506,平原區,3.3,16,南,3.4,3.5,,,,,,1.0,5206,96,55,0,0,12216,17573,12763,57991,1098,17,18,0.53 ,,,,
高雄市,Ⅲ-18,前庄,8,100,120.3842866,22.63057316,台1戊線,鳳山,後庄,6,506,8,528,平原區,2,22.4,北,3.5,3.5,,,,2.2,,2.0,10925,53,219,0,142,8659,19998,17821,39996,1892,17,18,0.54 ,,,,
高雄市,Ⅲ-18,前庄,8,100,120.3842866,22.63057316,台1戊線,鳳山,後庄,6,506,8,528,平原區,2,22.4,南,3.5,3.5,,,,2.2,,1.8,10207,58,243,0,139,9680,20327,17852,40654,2245,7,8,0.54 ,,,,
高雄市,Ⅲ-19,火燒庄,393,100,120.4672411,22.96941529,台3線,南高縣市界,內門,389,787,396,459,丘陵區,6.7,15.6,北,3.5,3.5,,,,,,0.7,1286,15,67,0,53,590,2011,2069,13474,218,10,11,0.59 ,,,,
高雄市,Ⅲ-19,火燒庄,393,100,120.4672411,22.96941529,台3線,南高縣市界,內門,389,787,396,459,丘陵區,6.7,15.6,南,3.5,3.5,,,,,,0.7,1329,15,54,0,17,508,1923,1857,12884,315,15,16,0.59 ,,,,
高雄市,Ⅲ-20,嶺頂,405,400,120.4856109,22.88613894,台3線,內門,旗山,396,459,406,228,丘陵區,9.8,18.2,北,3.5,3.5,,,,,,2.0,6809,71,117,0,164,2197,9358,9323,91708,826,7,8,0.54 ,,,,
高雄市,Ⅲ-20,嶺頂,405,400,120.4856109,22.88613894,台3線,內門,旗山,396,459,406,228,丘陵區,9.8,18.2,南,3.5,3.5,,,,,,2.0,7135,83,107,0,78,2374,9777,9329,95815,969,15,16,0.54 ,,,,
高雄市,Ⅲ-21,旗南橋,406,750,120.4868907,22.87478435,台3線,旗山,高屏市縣界,406,228,412,926,平原區,6.7,25.2,北,3.7,3.6,,,,2,,2.3,6681,39,138,0,123,1485,8466,8356,56722,852,17,18,0.54 ,,,,
高雄市,Ⅲ-21,旗南橋,406,750,120.4868907,22.87478435,台3線,旗山,高屏市縣界,406,228,412,926,平原區,6.7,25.2,南,3.7,3.6,,,,2,,2.3,6495,42,119,1,68,1355,8080,7893,54136,995,16,17,0.54 ,,,,
屏東縣,Ⅲ-22,里港大橋南,418,600,120.5001786,22.78019198,台3線,高屏市縣界,里港,412,926,419,937,平原區,7,23.2,北,3.5,3.5,,,,2,,1.0,4177,24,193,0,855,1544,6793,8149,47551,868,7,8,0.52 ,,,,
屏東縣,Ⅲ-22,里港大橋南,418,600,120.5001786,22.78019198,台3線,高屏市縣界,里港,412,926,419,937,平原區,7,23.2,南,3.5,3.5,,,,2,,1.0,3945,15,174,0,930,1391,6455,7993,45185,797,17,18,0.52 ,,,,
屏東縣,Ⅲ-23,九如鄉公所,423,200,120.4900911,22.74144252,台3線,里港,九如,419,937,427,419,平原區,7.5,24.8,北,3.5,3.5,,,,2.2,,2.0,9266,140,372,3,212,2708,12701,12575,95258,1201,7,8,0.52 ,,,,
屏東縣,Ⅲ-23,九如鄉公所,423,200,120.4900911,22.74144252,台3線,里港,九如,419,937,427,419,平原區,7.5,24.8,南,3.5,3.5,,,,2.2,,2.0,9605,109,433,9,193,2427,12776,12724,95820,1319,17,18,0.52 ,,,,
屏東縣,Ⅲ-24,西市場,433,600,120.4781616,22.67361499,台3線,九如,屏東市,427,419,434,962,平原區,7.5,20,北,3.6,5,,,,,,0.6,8932,44,115,0,3,11613,20707,16148,155302,1553,17,18,0.52 ,,,,
屏東縣,Ⅲ-24,西市場,433,600,120.4781616,22.67361499,台3線,九如,屏東市,427,419,434,962,平原區,7.5,20,南,3.6,4,,,,,,0.2,8078,28,98,0,4,10213,18421,14407,138158,1416,17,18,0.52 ,,,,
屏東縣,Ⅲ-25,大武營區,434,800,120.4748300,22.66522579,台3線,屏東市,頭前溪,434,962,436,809,平原區,1.8,15.8,北,3.5,3.5,,,,,,0.8,9724,60,171,1,9,7841,17806,14806,32051,1369,17,18,0.52 ,,,,
屏東縣,Ⅲ-25,大武營區,434,800,120.4748300,22.66522579,台3線,屏東市,頭前溪,434,962,436,809,平原區,1.8,15.8,南,3.5,3.5,,,,,,0.8,9193,47,175,0,6,6078,15499,13192,27898,1505,7,8,0.52 ,,,,
臺東縣,Ⅲ-26,關山鎮,316,400,121.1672870,23.05635264,台9線,花東縣界,武陵,304,246,329,246,丘陵區,25,12.4,北,3.6,,,,,2.1,,0.6,3828,101,157,0,96,828,5010,5496,125250,429,17,18,0.55 ,,,,
臺東縣,Ⅲ-26,關山鎮,316,400,121.1672870,23.05635264,台9線,花東縣界,武陵,304,246,329,246,丘陵區,25,12.4,南,3.6,,,,,2.1,,0.4,3737,78,146,0,98,864,4923,5331,123075,518,17,18,0.55 ,,,,
臺東縣,Ⅲ-27,永隆村,330,900,121.1428605,22.93850329,台9線,武陵,鹿野,329,246,339,940,丘陵區,10.7,12,北,3.4,,,,,2.0,,0.5,2197,54,121,0,106,261,2739,3383,29307,298,16,17,0.55 ,,,,
臺東縣,Ⅲ-27,永隆村,330,900,121.1428605,22.93850329,台9線,武陵,鹿野,329,246,339,940,丘陵區,10.7,12,南,3.4,,,,,2.0,,0.5,2032,83,110,0,103,297,2625,3275,28087,367,16,17,0.55 ,,,,
臺東縣,Ⅲ-28,鹿鳴橋,341,100,121.0944798,22.89220597,台9線,鹿野,檳榔,339,940,351,750,丘陵區,11.8,13.2,北,3.4,,,,,2.0,,1.1,4070,96,137,0,100,546,4949,5542,58398,521,8,9,0.55 ,,,,
臺東縣,Ⅲ-28,鹿鳴橋,341,100,121.0944798,22.89220597,台9線,鹿野,檳榔,339,940,351,750,丘陵區,11.8,13.2,南,3.4,,,,,2.0,,1.1,4210,120,144,0,116,585,5175,5875,61065,434,8,9,0.55 ,,,,
臺東縣,Ⅲ-29,檳榔橋,352,000,121.090660,22.81035099,台9線,檳榔,卑南,351,750,357,400,丘陵區,5.6,12.5,北,3.4,,,,,2.1,,0.9,5219,120,139,0,117,1132,6727,7147,37671,511,16,17,0.58 ,,,,
臺東縣,Ⅲ-29,檳榔橋,352,000,121.090660,22.81035099,台9線,檳榔,卑南,351,750,357,400,丘陵區,5.6,12.5,南,3.4,,,,,2.1,,0.4,5013,116,130,0,116,1185,6560,6924,36736,719,16,17,0.58 ,,,,
臺東縣,Ⅲ-30,東方大鎮,360,400,121.1221739,22.76877687,台9線,卑南,新園,357,400,368,276,丘陵區,10.8,17.7,北,3.5,3.5,,,,,,1.2,3752,53,51,0,13,2952,6821,5796,73667,536,16,17,0.51 ,,,,
臺東縣,Ⅲ-30,東方大鎮,360,400,121.1221739,22.76877687,台9線,卑南,新園,357,400,368,276,丘陵區,10.8,17.7,南,3.5,3.5,,,,,,2.3,3912,51,43,0,7,3016,7029,5945,75913,564,7,8,0.51 ,,,,
臺東縣,Ⅲ-31,新園橋,368,400,121.0491729,22.76089885,台9線,新園,知本,368,276,375,500,丘陵區,7.3,18.8,北,3.4,4.4,,,,,,1.5,2767,108,123,0,157,1050,4205,4644,30697,400,17,18,0.50 ,,,,
臺東縣,Ⅲ-31,新園橋,368,400,121.0491729,22.76089885,台9線,新園,知本,368,276,375,500,丘陵區,7.3,18.8,南,3.4,4.4,,,,,,1.5,2681,63,110,0,136,1127,4117,4383,30054,401,10,11,0.50 ,,,,
臺東縣,Ⅲ-32,知本橋,375,850,121.0395789,22.70172622,台9線,知本,南太麻里,375,500,389,743,丘陵區,14.2,18.2,北,3.5,3.5,,,,,,1.5,1911,92,99,0,134,599,2835,3322,40257,352,16,17,0.51 ,分離車道,,,
臺東縣,Ⅲ-32,知本橋,375,850,121.0395789,22.70172622,台9線,知本,南太麻里,375,500,389,743,丘陵區,14.2,18.2,南,3.5,3.5,,,,,,1.5,2054,60,124,0,160,589,2987,3575,42415,340,10,11,0.51 ,分離車道,,,
臺東縣,Ⅲ-33,金崙大橋,398,400,120.9662365,22.52465541,台9線,南太麻里,大武,389,743,414,250,丘陵區,29.6,18.2,北,3.5,3.5,,,,,,2.0,2720,113,165,0,175,211,3384,4278,100166,455,16,17,0.51 ,,,,
臺東縣,Ⅲ-33,金崙大橋,398,400,120.9662365,22.52465541,台9線,南太麻里,大武,389,743,414,250,丘陵區,29.6,18.2,南,3.5,3.5,,,,,,2.0,2900,114,150,0,139,174,3477,4227,102919,445,14,15,0.51 ,,,,
臺東縣,Ⅲ-34,大武橋,418,200,120.9069007,22.36082971,台9線,大武,壽卡,414,250,433,059,丘陵區,20.4,18,北,3.4,3.9,,,,,,1.5,3510,173,185,0,148,645,4661,5353,95084,677,10,11,0.53 ,,,,
臺東縣,Ⅲ-34,大武橋,418,200,120.9069007,22.36082971,台9線,大武,壽卡,414,250,433,059,丘陵區,20.4,18,南,3.4,3.9,,,,,,1.5,3668,111,168,0,140,648,4735,5315,96594,603,14,15,0.53 ,,,,
屏東縣,Ⅲ-35,丹路,449,500,120.7233692,22.20773628,台9線,壽卡,楓港,433,059,453,346,山嶺區,20.3,18,北,3.4,4,,,,,,1.5,3448,22,189,0,210,240,4109,7726,83413,1129,11,12,0.57 ,,,,
屏東縣,Ⅲ-35,丹路,449,500,120.7233692,22.20773628,台9線,壽卡,楓港,433,059,453,346,山嶺區,20.3,18,南,3.4,4,,,,,,1.5,3300,17,206,0,232,259,4014,7725,81484,839,14,15,0.57 ,,,,
臺東縣,Ⅲ-36,卑南鄉公所,2,300,121.0874612,22.78278551,台9乙線,賓朗,大南,0,000,9,024,丘陵區,9,18.2,北,3.4,4.5,,,,,,1.1,2132,51,131,0,93,775,3182,3426,28638,348,17,18,0.52 ,,,,
臺東縣,Ⅲ-36,卑南鄉公所,2,300,121.0874612,22.78278551,台9乙線,賓朗,大南,0,000,9,024,丘陵區,9,18.2,南,3.4,4.5,,,,,,1.1,2161,54,130,0,95,758,3198,3459,28782,320,15,16,0.52 ,,,,
屏東縣,Ⅲ-37,壽卡,12,000,120.8336070,22.24376057,台9戊線,安朔,草埔,0,000,16,151,山嶺區,16.2,10.5,北,4.7,,,,,,,0.5,235,5,189,0,210,230,869,3023,14078,324,12,13,0.52 ,,,,
屏東縣,Ⅲ-37,壽卡,12,000,120.8336070,22.24376057,台9戊線,安朔,草埔,0,000,16,151,山嶺區,16.2,10.5,南,4.8,,,,,,,0.5,219,5,206,0,232,254,916,3262,14839,350,12,13,0.52 ,,,,
臺東縣,Ⅲ-38,外環道便利商店,85,600,121.4578357,23.31718753,台11線,花東縣界,三仙,72,569,109,199,丘陵區,36.6,18.4,北,3.5,,,,,2.2,,2.9,1084,81,14,0,36,103,1318,1601,48239,167,14,15,0.51 ,,,,
臺東縣,Ⅲ-38,外環道便利商店,85,600,121.4578357,23.31718753,台11線,花東縣界,三仙,72,569,109,199,丘陵區,36.6,18.4,南,3.5,,,,,2.2,,2.9,847,26,26,0,23,93,1015,1165,37149,174,14,15,0.51 ,,,,
臺東縣,Ⅲ-39,萬年橋,112,300,121.3842758,23.10982092,台11線,三仙,成功,109,199,114,000,丘陵區,4.8,18.2,北,3.5,,,,,2.4,,3.1,2185,86,68,0,43,815,3197,3270,15346,356,15,16,0.52 ,,,,
臺東縣,Ⅲ-39,萬年橋,112,300,121.3842758,23.10982092,台11線,三仙,成功,109,199,114,000,丘陵區,4.8,18.2,南,3.5,,,,,2.4,,3.1,2144,47,56,0,21,778,3046,2947,14621,326,15,16,0.52 ,,,,
臺東縣,Ⅲ-40,全滿加油站,114,300,121.3684951,23.10109222,台11線,成功,新港,114,000,123,323,丘陵區,9.3,18.4,北,3.5,,,,,2.3,,3.5,2179,54,121,0,47,572,2973,3225,27649,380,14,15,0.58 ,,,,
臺東縣,Ⅲ-40,全滿加油站,114,300,121.3684951,23.10109222,台11線,成功,新港,114,000,123,323,丘陵區,9.3,18.4,南,3.6,,,,,2.4,,2.9,2152,54,107,0,33,489,2835,3045,26366,271,14,15,0.58 ,,,,
臺東縣,Ⅲ-41,東河道班房,129,200,121.3111390,22.98363116,台11線,新港,興昌,123,323,142,382,丘陵區,19.1,13,北,3.5,,,,,2.0,,0.5,2314,102,78,0,44,422,2960,3285,56536,268,16,17,0.54 ,,,,
臺東縣,Ⅲ-41,東河道班房,129,200,121.3111390,22.98363116,台11線,新港,興昌,123,323,142,382,丘陵區,19.1,13,南,3.5,,,,,2.0,,0.5,2215,60,85,0,34,383,2777,3012,53041,310,16,17,0.54 ,,,,
臺東縣,Ⅲ-42,都蘭糖廠,145,100,121.2256979,22.87132502,台11線,興昌,富岡,142,382,157,331,丘陵區,14.9,12.8,北,3.6,,,,,1.8,,1.6,3137,68,69,0,39,689,4002,4088,59630,300,16,17,0.60 ,,,,
臺東縣,Ⅲ-42,都蘭糖廠,145,100,121.2256979,22.87132502,台11線,興昌,富岡,142,382,157,331,丘陵區,14.9,12.8,南,3.6,,,,,1.8,,0.4,2925,46,54,0,32,696,3753,3733,55920,456,16,17,0.60 ,,,,
臺東縣,Ⅲ-43,中華大橋,160,700,121.1692153,22.77160187,台11線,富岡,新豐里橋,157,331,165,574,丘陵區,8.2,23.6,北,3.5,3.5,,,,2.1,,2.2,4931,125,129,0,57,1739,6981,6941,57244,778,7,8,0.57 ,分離車道,,,
臺東縣,Ⅲ-43,中華大橋,160,700,121.1692153,22.77160187,台11線,富岡,新豐里橋,157,331,165,574,丘陵區,8.2,23.6,南,3.5,3.5,,,,2.1,,2.2,4198,46,62,0,63,1383,5752,5697,47166,586,16,17,0.57 ,分離車道,,,
臺東縣,Ⅲ-44,新豐里橋,165,100,121.1451744,22.74104053,台11線,新豐里橋,豐源大橋,165,574,170,000,丘陵區,4.4,20,北,3.5,4.5,,,,,,0.7,3867,98,124,0,61,1404,5554,5458,24438,600,7,8,0.53 ,,,,
臺東縣,Ⅲ-44,新豐里橋,165,100,121.1451744,22.74104053,台11線,新豐里橋,豐源大橋,165,574,170,000,丘陵區,4.4,20,南,3.5,4.5,,,,,,0.7,3864,44,102,0,46,1405,5461,5229,24028,541,17,18,0.53 ,,,,
臺東縣,Ⅲ-45,豐源橋收費站,170,700,121.0976677,22.72471685,台11線,豐源大橋,知本,170,000,178,229,丘陵區,8.2,18.4,北,3.5,4.4,,,,,,0.5,6273,80,226,0,93,2766,9438,9010,77392,923,17,18,0.52 ,,,,
臺東縣,Ⅲ-45,豐源橋收費站,170,700,121.0976677,22.72471685,台11線,豐源大橋,知本,170,000,178,229,丘陵區,8.2,18.4,南,3.5,4.4,,,,,,0.5,6393,106,229,0,64,2700,9492,9003,77834,854,7,8,0.52 ,,,,
臺東縣,Ⅲ-46,台東大橋,4,700,121.1428231,22.79168214,台11乙線,富岡,卑南,0,000,7,405,丘陵區,7.4,12,北,3.4,,,,,2.0,,0.5,1409,39,96,0,4,549,2097,2109,15518,198,15,16,0.52 ,,,,
臺東縣,Ⅲ-46,台東大橋,4,700,121.1428231,22.79168214,台11乙線,富岡,卑南,0,000,7,405,丘陵區,7.4,12,南,3.4,,,,,2.0,,0.5,1277,29,107,0,14,516,1943,2013,14378,215,15,16,0.52 ,,,,
高雄市,Ⅲ-47,海巡署,187,200,120.1797804,22.90010026,台17線,湖內,竹滬,185,205,194,780,平原區,9.6,22,北,3.5,3.5,,,,2,,0.6,4892,28,118,0,26,2962,8026,7262,77050,1088,17,18,0.53 ,,,,
高雄市,Ⅲ-47,海巡署,187,200,120.1797804,22.90010026,台17線,湖內,竹滬,185,205,194,780,平原區,9.6,22,南,3.5,3.5,,,,2,,0.6,4941,25,98,1,17,2451,7533,6896,72317,962,16,17,0.53 ,,,,
高雄市,Ⅲ-48,竹滬,196,400,120.2275387,22.86077928,台17線,竹滬,彌陀,194,780,203,077,平原區,8.3,16,北,3.5,3.5,,,,,,0.9,5365,28,318,2,101,3468,9282,8274,77041,1059,17,18,0.58 ,,,,
高雄市,Ⅲ-48,竹滬,196,400,120.2275387,22.86077928,台17線,竹滬,彌陀,194,780,203,077,平原區,8.3,16,南,3.5,3.5,,,,,,0.9,5160,26,250,1,42,3678,9157,7910,76003,1455,7,8,0.58 ,,,,
高雄市,Ⅲ-49,維仁橋,204,100,120.2438350,22.79406931,台17線,彌陀,梓官,203,077,211,059,平原區,8,24.3,北,3.7,3.7,,,,2.1,,1.2,6026,50,308,3,114,4976,11477,10397,91816,2098,7,8,0.59 ,,,,
高雄市,Ⅲ-49,維仁橋,204,100,120.2438350,22.79406931,台17線,彌陀,梓官,203,077,211,059,平原區,8,24.3,南,3.7,3.7,,,,2.1,,1.4,6230,42,319,2,96,4385,11074,10136,88592,1480,17,18,0.59 ,,,,
高雄市,Ⅲ-50,北界橋,211,800,120.2705891,22.73139074,台17線,梓官,三民派出所,211,059,225,366,平原區,14.3,24.2,北,3.5,3.5,,,,2,,1.5,9672,74,167,3,97,9109,19122,16710,273445,1990,7,8,0.51 ,,,,
高雄市,Ⅲ-50,北界橋,211,800,120.2705891,22.73139074,台17線,梓官,三民派出所,211,059,225,366,平原區,14.3,24.2,南,3.5,3.5,,,,2.8,,1.5,10639,70,172,2,78,9709,20670,18038,295581,1949,7,8,0.51 ,,,,
高雄市,Ⅲ-51,中坑門,243,900,120.3690515,22.50668918,台17線,三民派出所,林園,225,366,247,804,平原區,22.4,35,北,3.5,3.6,,,,4.8,,0.7,8058,61,241,0,429,11515,20304,17860,454810,3371,7,8,0.62 ,,,,
高雄市,Ⅲ-51,中坑門,243,900,120.3690515,22.50668918,台17線,三民派出所,林園,225,366,247,804,平原區,22.4,35,南,3.5,3.6,,,,4.8,,0.4,8090,98,261,1,523,9536,18509,16876,414602,2057,17,18,0.62 ,,,,
高雄市,Ⅲ-52,石化二橋,248,300,120.4089974,22.49824973,台17線,林園,雙園大橋,247,804,251,000,平原區,3.2,19,北,3.5,3.5,,,,,,2.0,6378,45,226,1,405,5014,12069,11011,38621,1450,7,8,0.54 ,,,,
高雄市,Ⅲ-52,石化二橋,248,300,120.4089974,22.49824973,台17線,林園,雙園大橋,247,804,251,000,平原區,3.2,19,南,3.5,3.5,,,,,,2.0,6520,39,243,4,422,5342,12570,11427,40224,1243,17,18,0.54 ,,,,
屏東縣,Ⅲ-53,東港監工站,251,900,120.4424187,22.49670704,台17線,雙園大橋,烏龍,251,000,253,252,平原區,2.3,18.2,北,3.5,4,,,,,,0.9,8715,46,164,2,189,6178,15294,13310,35176,1892,7,8,0.54 ,,,,
屏東縣,Ⅲ-53,東港監工站,251,900,120.4424187,22.49670704,台17線,雙園大橋,烏龍,251,000,253,252,平原區,2.3,18.2,南,3.5,4,,,,,,0.9,8342,42,193,4,192,5838,14611,12786,33605,1620,17,18,0.54 ,,,,
屏東縣,Ⅲ-54,東港大橋南,256,000,120.4637006,22.47136247,台17線,烏龍,東港,253,252,255,908,平原區,2.7,17.9,北,3.5,4.1,,,,,,0.4,8340,51,119,0,76,4137,12723,11306,34352,1174,17,18,0.51 ,雙側路肩為自行車行人車道,,,
屏東縣,Ⅲ-54,東港大橋南,256,000,120.4637006,22.47136247,台17線,烏龍,東港,253,252,255,908,平原區,2.7,17.9,南,3.5,4.1,,,,,,0.5,8009,45,132,0,96,3262,11544,10520,31169,1147,17,18,0.51 ,雙側路肩為自行車行人車道,,,
屏東縣,Ⅲ-55,仁和國小,262,900,120.5115646,22.43840165,台17線,東港,林邊,255,908,264,134,平原區,8.2,17.4,北,3.5,4.2,,,,,,0.9,7863,168,250,1,104,3196,11582,10723,94972,1138,16,17,0.53 ,,,,
屏東縣,Ⅲ-55,仁和國小,262,900,120.5115646,22.43840165,台17線,東港,林邊,255,908,264,134,平原區,8.2,17.4,南,3.5,4.2,,,,,,0.9,8101,189,271,1,118,3178,11858,11056,97236,1005,10,11,0.53 ,,,,
屏東縣,Ⅲ-56,佳冬農會,268,300,120.5559506,22.41263852,台17線,林邊,水底寮,264,134,274,129,平原區,10,19,北,3.5,4,,,,,,1.0,4549,164,184,0,72,1851,6820,6398,68200,784,16,17,0.51 ,,,,
屏東縣,Ⅲ-56,佳冬農會,268,300,120.5559506,22.41263852,台17線,林邊,水底寮,264,134,274,129,平原區,10,19,南,3.5,4,,,,,,1.0,4736,160,156,1,85,2164,7302,6766,73020,804,7,8,0.51 ,,,,
高雄市,Ⅲ-57,添治橋,19,950,120.1916556,22.91361528,台17甲線,南萣橋,湖內,18,850,26,851,平原區,8,9.4,北,4.4,,,,,,,0.3,2891,15,92,1,13,3339,6351,4817,50808,471,7,8,0.60 ,,,,
高雄市,Ⅲ-57,添治橋,19,950,120.1916556,22.91361528,台17甲線,南萣橋,湖內,18,850,26,851,平原區,8,9.4,南,4.4,,,,,,,0.3,2839,34,76,1,10,3202,6162,4693,49296,693,7,8,0.60 ,,,,
高雄市,Ⅲ-58,嘉興橋,67,400,120.3012663,22.81381611,台19甲線,南高縣市界,岡山,54,612,67,830,平原區,13.2,17.4,北,3.5,3.5,,,,,,1.7,6705,28,285,1,98,7706,14823,12096,195664,1669,7,8,0.57 ,,,,
高雄市,Ⅲ-58,嘉興橋,67,400,120.3012663,22.81381611,台19甲線,南高縣市界,岡山,54,612,67,830,平原區,13.2,17.4,南,3.5,3.5,,,,,,1.7,6304,32,296,1,84,6873,13590,11175,179388,1245,7,8,0.57 ,,,,
高雄市,Ⅲ-59,石螺潭,74,200,120.2680055,22.76969532,台19甲線,岡山,大舍甲,67,830,74,250,平原區,6.4,8,北,3.6,,,,,,,0.4,2684,17,126,1,39,2986,5853,4583,37459,679,7,8,0.60 ,,,,
高雄市,Ⅲ-59,石螺潭,74,200,120.2680055,22.76969532,台19甲線,岡山,大舍甲,67,830,74,250,平原區,6.4,8,南,3.6,,,,,,,0.4,2546,21,106,1,23,2751,5448,4248,34867,457,7,8,0.60 ,,,,
高雄市,Ⅲ-60,大舍甲,76,900,120.2621152,22.74735252,台19甲線,大舍甲,赤崁,74,250,78,461,平原區,4.2,7.4,北,3.2,,,,,,,0.5,1841,14,39,0,0,3034,4928,3464,20698,421,7,8,0.62 ,,,,
高雄市,Ⅲ-60,大舍甲,76,900,120.2621152,22.74735252,台19甲線,大舍甲,赤崁,74,250,78,461,平原區,4.2,7.4,南,3.2,,,,,,,0.5,1944,26,47,0,0,2500,4517,3340,18971,260,7,8,0.62 ,,,,
高雄市,Ⅲ-61,甲仙橋,57,500,120.5854946,23.08083655,台20線,南高縣市界,荖濃,52,582,72,806,山嶺區,20.2,16.2,東,3.5,3.5,,,,,,1.0,2263,21,42,0,10,1618,3954,5335,79871,609,11,12,0.53 ,,,,
高雄市,Ⅲ-61,甲仙橋,57,500,120.5854946,23.08083655,台20線,南高縣市界,荖濃,52,582,72,806,山嶺區,20.2,16.2,西,3.5,3.5,,,,,,1.0,2212,17,52,0,4,1644,3929,5266,79366,699,16,17,0.53 ,,,,
高雄市,Ⅲ-62,寶來一橋,78,000,120.6967093,23.10735539,台20線,荖濃,埡口,72,806,145,905,山嶺區,73.1,8.8,東,3.5,,,,,,,0.8,1137,15,30,0,8,374,1564,2361,114328,299,11,12,0.58 ,,,,
高雄市,Ⅲ-62,寶來一橋,78,000,120.6967093,23.10735539,台20線,荖濃,埡口,72,806,145,905,山嶺區,73.1,8.8,西,3.5,,,,,,,0.8,1144,22,32,0,4,416,1618,2430,118276,221,11,12,0.58 ,,,,
臺東縣,Ⅲ-63,新武橋,192,600,121.1191523,23.13330995,台20線,埡口,德高,145,905,208,329,丘陵區,62.4,10.8,東,4.3,,,,,,,1.0,229,4,4,0,0,37,274,272,17098,26,9,10,0.60 ,,,,
臺東縣,Ⅲ-63,新武橋,192,600,121.1191523,23.13330995,台20線,埡口,德高,145,905,208,329,丘陵區,62.4,10.8,西,4.3,,,,,,,1.0,187,5,3,0,0,36,231,229,14414,39,9,10,0.60 ,,,,
臺東縣,Ⅲ-64,錦屏村,2,700,121.1886456,23.13134171,台20甲線,初來,池上,0,000,5,714,丘陵區,5.7,7.6,東,3.4,,,,,,,0.3,274,3,3,0,0,159,439,372,2502,35,14,15,0.59 ,,,,
臺東縣,Ⅲ-64,錦屏村,2,700,121.1886456,23.13134171,台20甲線,初來,池上,0,000,5,714,丘陵區,5.7,7.6,西,3.4,,,,,,,0.3,272,4,2,0,0,138,416,359,2371,50,14,15,0.59 ,,,,
高雄市,Ⅲ-65,土庫,2,400,120.3387307,22.74189946,台22線,楠梓,鳳山,0,000,5,353,平原區,5.4,25.8,東,3.5,3.5,,,,,,3.6,9489,93,563,8,309,7459,17921,15900,96773,1867,7,8,0.53 ,,,,
高雄市,Ⅲ-65,土庫,2,400,120.3387307,22.74189946,台22線,楠梓,鳳山,0,000,5,353,平原區,5.4,25.8,西,3.5,3.5,,,,,,8.0,8999,90,576,4,273,7457,17399,15303,93955,1636,17,18,0.53 ,,,,
高雄市,Ⅲ-66,深水派出所,8,700,120.3903472,22.77222439,台22線,鳳山,里嶺大橋,5,353,16,066,平原區,10.7,19.6,東,3.5,3.6,,,,,,1.2,3230,70,82,0,12,3525,6919,5609,74033,623,17,18,0.55 ,,,,
高雄市,Ⅲ-66,深水派出所,8,700,120.3903472,22.77222439,台22線,鳳山,里嶺大橋,5,353,16,066,平原區,10.7,19.6,西,3.5,3.6,,,,,,1.4,3036,80,88,0,16,3605,6825,5499,73027,768,7,8,0.55 ,,,,
屏東縣,Ⅲ-67,加油站,20,450,120.4906744,22.77199259,台22線,里嶺大橋,里港,16,066,21,480,平原區,5.4,18.8,東,3.5,3.5,,,,1.8,,0.5,2755,14,144,0,167,1568,4648,4591,25099,489,17,18,0.51 ,,,,
屏東縣,Ⅲ-67,加油站,20,450,120.4906744,22.77199259,台22線,里嶺大橋,里港,16,066,21,480,平原區,5.4,18.8,西,3.5,3.5,,,,1.8,,0.5,2869,18,95,0,166,1549,4697,4621,25364,466,7,8,0.51 ,,,,
屏東縣,Ⅲ-68,茄苳腳,24,000,120.5225285,22.77662527,台22線,里港,高樹,21,480,34,290,平原區,12.8,10.8,東,3.6,,,,,,,2.2,2487,40,127,0,607,1110,4371,5197,55949,518,10,11,0.51 ,,,,
屏東縣,Ⅲ-68,茄苳腳,24,000,120.5225285,22.77662527,台22線,里港,高樹,21,480,34,290,平原區,12.8,10.8,西,3.6,,,,,,,1.4,2698,58,153,0,524,1134,4567,5259,58458,507,10,11,0.51 ,,,,
臺東縣,Ⅲ-69,碾米廠,38,300,121.2871428,23.00351148,台23線,花東縣界,泰源,16,705,38,705,丘陵區,22,9.8,北,3.5,,,,,,,1.4,419,11,9,0,0,384,823,671,18106,85,7,8,0.54 ,,,,
臺東縣,Ⅲ-69,碾米廠,38,300,121.2871428,23.00351148,台23線,花東縣界,泰源,16,705,38,705,丘陵區,22,9.8,南,3.5,,,,,,,1.4,389,8,10,0,0,326,733,606,16126,71,7,8,0.54 ,,,,
臺東縣,Ⅲ-70,舊東河橋北端,44,950,121.3037397,22.97747671,台23線,泰源,東河,38,705,45,224,丘陵區,6.5,9.2,北,3.5,,,,,,,1.0,225,9,15,0,3,63,315,344,2048,26,16,17,0.73 ,,,,
臺東縣,Ⅲ-70,舊東河橋北端,44,950,121.3037397,22.97747671,台23線,泰源,東河,38,705,45,224,丘陵區,6.5,9.2,南,3.5,,,,,,,1.0,232,13,19,0,3,52,319,369,2074,69,16,17,0.73 ,,,,
屏東縣,Ⅲ-71,鶴聲國小,0,200,120.4801330,22.66524557,台24線,建國路,屏東,0,000,1,105,平原區,1.1,15.8,東,3.5,3.5,,,,,,0.8,5750,20,85,1,5,5872,11733,9449,12906,896,17,18,0.52 ,,,,
屏東縣,Ⅲ-71,鶴聲國小,0,200,120.4801330,22.66524557,台24線,建國路,屏東,0,000,1,105,平原區,1.1,15.8,西,3.5,3.5,,,,,,0.8,5762,18,66,0,2,5836,11684,9396,12852,974,7,8,0.52 ,,,,
屏東縣,Ⅲ-72,明正國中,3,200,120.4985727,22.67968244,台24線,屏東,長興,1,105,4,549,平原區,3.4,16.2,東,3.6,,,,,2,,2.4,6308,34,88,0,3,7716,14149,10419,48107,967,17,18,0.52 ,,,,
屏東縣,Ⅲ-72,明正國中,3,200,120.4985727,22.67968244,台24線,屏東,長興,1,105,4,549,平原區,3.4,16.2,西,3.6,,,,,2,,2.4,6145,37,49,0,3,8561,14795,10607,50303,875,17,18,0.52 ,,,,
屏東縣,Ⅲ-73,德協國小,7,900,120.5423110,22.69315673,台24線,長興,繁華,4,549,11,669,平原區,7.1,18.2,東,3.5,4,,,,,,1.5,6221,33,135,1,38,4648,11076,9380,78640,915,17,18,0.50 ,,,,
屏東縣,Ⅲ-73,德協國小,7,900,120.5423110,22.69315673,台24線,長興,繁華,4,549,11,669,平原區,7.1,18.2,西,3.5,4,,,,,,1.5,6125,37,132,0,23,4365,10682,9067,75842,908,17,18,0.50 ,,,,
屏東縣,Ⅲ-74,三地門大橋,19,800,120.6404486,22.70986274,台24線,繁華,三地門鄉公所,11,669,22,916,平原區,11.2,15.8,東,3.5,3.9,,,,,,0.4,2638,38,51,0,3,1234,3964,3521,44397,460,11,12,0.56 ,,,,
屏東縣,Ⅲ-74,三地門大橋,19,800,120.6404486,22.70986274,台24線,繁華,三地門鄉公所,11,669,22,916,平原區,11.2,15.8,西,3.5,3.9,,,,,,0.4,2644,43,55,0,3,1214,3959,3529,44341,588,15,16,0.56 ,,,,
屏東縣,Ⅲ-75,霧台谷川大橋,31,850,120.7043486,22.74821267,台24線,三地門鄉公所,阿禮,22,916,48,690,平原區,25.8,8.8,東,3.7,,,,,,,0.6,407,4,3,0,0,279,693,561,17879,138,14,15,0.54 ,,,,
屏東縣,Ⅲ-75,霧台谷川大橋,31,850,120.7043486,22.74821267,台24線,三地門鄉公所,阿禮,22,916,48,690,平原區,25.8,8.8,西,3.7,,,,,,,0.6,464,4,0,0,0,298,766,621,19763,164,14,15,0.54 ,,,,
高雄市,Ⅲ-76,商協新村,3,800,120.3838264,22.61854484,台25線,鳳山,大寮,0,000,6,564,平原區,6.6,17.2,北,3.5,3.8,,,,,,1.2,7422,64,72,0,6,13976,21540,16030,142164,1788,17,18,0.51 ,,,,
高雄市,Ⅲ-76,商協新村,3,800,120.3838264,22.61854484,台25線,鳳山,大寮,0,000,6,564,平原區,6.6,17.2,南,3.5,3.8,,,,,,1.2,6767,75,84,0,3,15554,22483,16347,148388,1842,7,8,0.51 ,,,,
高雄市,Ⅲ-77,新庄橋,11,900,120.4122765,22.55301428,台25線,大寮,林園,6,564,18,223,平原區,11.7,29.2,北,3.5,3.5,,,,2.8,,3.2,11049,115,327,3,144,6924,18562,17001,217175,2556,7,8,0.58 ,,,,
高雄市,Ⅲ-77,新庄橋,11,900,120.4122765,22.55301428,台25線,大寮,林園,6,564,18,223,平原區,11.7,29.2,南,3.5,3.5,,,,2.8,,3.2,10652,105,299,0,119,6468,17643,16144,206423,1818,7,8,0.58 ,,,,
屏東縣,Ⅲ-78,第379號橋,3,500,120.6919969,22.18294072,台26線,楓港,竹坑橋,0,000,8,079,平原區,8.1,24.2,東,3.5,3.5,,,,2.2,,1.2,5969,180,166,0,90,604,7009,7181,56773,1107,11,12,0.54 ,,,,
屏東縣,Ⅲ-78,第379號橋,3,500,120.6919969,22.18294072,台26線,楓港,竹坑橋,0,000,8,079,平原區,8.1,24.2,西,3.5,3.5,,,,2.2,,2.0,5904,162,126,0,93,524,6809,6982,55153,1322,16,17,0.54 ,,,,
屏東縣,Ⅲ-79,車城鄉公所,16,100,120.7136746,22.07628683,台26線,竹坑橋,網紗,8,079,21,222,平原區,13.1,20.2,東,3.5,3.8,,,,,,1.6,5191,127,184,0,95,1344,6941,6749,90927,856,11,12,0.57 ,,,,
屏東縣,Ⅲ-79,車城鄉公所,16,100,120.7136746,22.07628683,台26線,竹坑橋,網紗,8,079,21,222,平原區,13.1,20.2,西,3.5,3.8,,,,,,1.6,5170,110,195,0,71,1231,6777,6580,88779,1116,14,15,0.57 ,,,,
屏東縣,Ⅲ-80,恆春外環線,25,700,120.7408362,21.99918761,台26線,網紗,車城,21,222,26,544,平原區,5.3,20.2,東,3.5,3.5,,,,1.8,,0.4,4515,87,98,0,4,1251,5955,5681,31562,782,15,16,0.52 ,,,,
屏東縣,Ⅲ-80,恆春外環線,25,700,120.7408362,21.99918761,台26線,網紗,車城,21,222,26,544,平原區,5.3,20.2,西,3.5,3.5,,,,1.8,,0.4,4417,75,75,0,2,1165,5734,5465,30390,736,13,14,0.52 ,,,,
屏東縣,Ⅲ-81,第409號橋,31,300,120.7679682,21.95737336,台26線,車城,墾丁鵝鑾鼻,26,544,41,849,平原區,15.3,14.8,東,3.4,3.5,,,,,,0.4,3930,107,45,0,0,1775,5857,5224,89612,616,13,14,0.52 ,,,,
屏東縣,Ⅲ-81,第409號橋,31,300,120.7679682,21.95737336,台26線,車城,墾丁鵝鑾鼻,26,544,41,849,平原區,15.3,14.8,西,3.4,3.5,,,,,,0.4,3736,92,41,0,0,1701,5570,4957,85221,663,11,12,0.52 ,,,,
屏東縣,Ⅲ-82,興海路,52,300,120.8432994,21.97389631,台26線,墾丁鵝鑾鼻,港仔,41,849,70,685,丘陵區,28.8,8,東,3.5,,,,,,,0.5,459,13,4,0,0,165,641,593,18461,147,11,12,0.65 ,,,,
屏東縣,Ⅲ-82,興海路,52,300,120.8432994,21.97389631,台26線,墾丁鵝鑾鼻,港仔,41,849,70,685,丘陵區,28.8,8,西,3.5,,,,,,,0.5,358,10,5,0,0,172,545,489,15696,80,11,12,0.65 ,,,,
屏東縣,Ⅲ-83,旭海,79,800,120.8883885,22.19291972,台26線,港仔,港仔村,70,685,80,002,平原區,9.3,7,東,5.4,,,,,,,0.8,157,3,3,0,0,66,229,202,2130,41,15,16,0.51 ,單車道雙向行駛,,,
屏東縣,Ⅲ-83,旭海,79,800,120.8883885,22.19291972,台26線,港仔,港仔村,70,685,80,002,平原區,9.3,7,西,5.4,,,,,,,0.8,161,5,3,0,0,70,239,212,2223,40,15,16,0.51 ,單車道雙向行駛,,,
屏東縣,Ⅲ-84,南田檢查哨,92,800,120.8888794,22.28930586,台26線,港仔村,達仁,80,002,93,972,平原區,14,9.4,東,3.5,,,,,,,1.2,193,5,4,0,0,81,283,252,3962,38,13,14,0.51 ,,,,
屏東縣,Ⅲ-84,南田檢查哨,92,800,120.8888794,22.28930586,台26線,港仔村,達仁,80,002,93,972,平原區,14,9.4,西,3.5,,,,,,,1.2,200,5,2,0,0,66,273,247,3822,39,13,14,0.51 ,,,,
高雄市,Ⅲ-85,頂新發,4,100,120.6670449,23.04129304,台27線,荖濃,中庄,0,000,10,152,山嶺區,10.2,9,北,3.5,,,,,,,1.0,1300,14,36,0,4,412,1766,2640,18013,319,10,11,0.59 ,,,,
高雄市,Ⅲ-85,頂新發,4,100,120.6670449,23.04129304,台27線,荖濃,中庄,0,000,10,152,山嶺區,10.2,9,南,3.5,,,,,,,1.0,1229,13,18,0,13,424,1697,2514,17309,218,10,11,0.59 ,,,,
高雄市,Ⅲ-86,六龜林試所,11,300,120.6432812,22.99331741,台27線,中庄,大津,10,152,25,152,山嶺區,15,9.2,北,3.5,,,,,,,1.1,414,0,8,0,0,351,773,1012,11595,164,11,12,0.57 ,,,,
高雄市,Ⅲ-86,六龜林試所,11,300,120.6432812,22.99331741,台27線,中庄,大津,10,152,25,152,山嶺區,15,9.2,南,3.5,,,,,,,1.1,381,0,14,0,0,413,808,1055,12120,123,11,12,0.57 ,,,,
屏東縣,Ⅲ-87,高樹鄉公所,32,550,120.6006629,22.82644066,台27線,大津,高樹,25,152,33,435,平原區,8.3,13.2,北,4,,,,,,,2.5,2403,36,47,0,12,1549,4047,3380,33590,410,10,11,0.69 ,,,,
屏東縣,Ⅲ-87,高樹鄉公所,32,550,120.6006629,22.82644066,台27線,大津,高樹,25,152,33,435,平原區,8.3,13.2,南,4,,,,,,,2.5,2338,36,48,0,4,1489,3915,3263,32495,183,10,11,0.69 ,,,,
屏東縣,Ⅲ-88,高樹國中,33,800,120.6039018,22.81518211,台27線,高樹,南華,33,435,41,871,平原區,8.4,13.2,北,4,,,,,,,2.5,2749,18,44,0,21,1883,4715,3878,39606,322,10,11,0.54 ,,,,
屏東縣,Ⅲ-88,高樹國中,33,800,120.6039018,22.81518211,台27線,高樹,南華,33,435,41,871,平原區,8.4,13.2,南,4,,,,,,,2.5,2685,13,65,0,6,1818,4587,3768,38531,375,10,11,0.54 ,,,,
屏東縣,Ⅲ-89,新圍派出所,45,200,120.5535436,22.74769437,台27線,南華,海豐,41,871,52,215,平原區,10.3,17,北,3.4,4,,,,,,1.0,2112,7,72,0,245,488,2924,3259,30117,362,7,8,0.51 ,,,,
屏東縣,Ⅲ-89,新圍派出所,45,200,120.5535436,22.74769437,台27線,南華,海豐,41,871,52,215,平原區,10.3,17,南,3.4,4,,,,,,1.0,2199,9,76,0,223,878,3385,3523,34866,378,7,8,0.51 ,,,,
屏東縣,Ⅲ-90,警察局前,55,800,120.4894655,22.274326,台27線,海豐,屏東市區,52,215,56,756,平原區,4.5,27.4,北,3.7,,,,,6,,0.4,7903,12,93,0,1,10077,18086,13155,81387,1158,17,18,0.53 ,"快慢分隔,1車道",,,
屏東縣,Ⅲ-90,警察局前,55,800,120.4894655,22.274326,台27線,海豐,屏東市區,52,215,56,756,平原區,4.5,27.4,南,3.7,,,,,5,,2.0,7225,57,82,0,2,9608,16974,12313,76383,1046,17,18,0.53 ,"快慢分隔,1車道",,,
屏東縣,Ⅲ-91,劉厝橋,57,900,120.4865252,22.65697687,台27線,屏東市區,劉厝庄,56,756,58,435,平原區,1.7,23,北,3.5,3.5,,,,2.0,,1.3,9060,105,94,0,2,10780,20041,16911,34070,1712,7,8,0.52 ,,,,
屏東縣,Ⅲ-91,劉厝橋,57,900,120.4865252,22.65697687,台27線,屏東市區,劉厝庄,56,756,58,435,平原區,1.7,23,南,3.5,3.5,,,,2.0,,1.3,9038,113,123,0,3,10846,20123,16994,34209,1598,17,18,0.52 ,,,,
屏東縣,Ⅲ-92,廣安,63,300,120.4867465,22.60859787,台27線,劉厝庄,萬丹,58,435,64,014,平原區,5.6,24.8,北,3.5,3.5,,,,2.0,,2.0,9216,101,294,3,76,6424,16114,14543,90238,1797,7,8,0.57 ,,,,
屏東縣,Ⅲ-92,廣安,63,300,120.4867465,22.60859787,台27線,劉厝庄,萬丹,58,435,64,014,平原區,5.6,24.8,南,3.5,3.5,,,,2.0,,2.0,9082,111,293,3,119,6314,15922,14475,89163,1371,7,8,0.57 ,,,,
屏東縣,Ⅲ-93,萬丹加油站,67,900,120.4820826,22.57552698,台27線,萬丹,香社,64,014,70,306,平原區,6.3,24.2,北,3.5,3.5,,,,2.1,,1.6,8415,62,326,2,131,2213,11149,10945,70239,989,17,18,0.51 ,,,,
屏東縣,Ⅲ-93,萬丹加油站,67,900,120.4820826,22.57552698,台27線,萬丹,香社,64,014,70,306,平原區,6.3,24.2,南,3.5,3.5,,,,2.1,,1.6,8219,84,273,3,126,2297,11002,10750,69313,1047,7,8,0.51 ,,,,
屏東縣,Ⅲ-94,新園鄉公所,71,700,120.4628805,22.54658679,台27線,香社,烏龍,70,306,79,241,平原區,8.9,17.5,北,3.4,3.8,,,,,,1.3,8505,109,276,1,104,2730,11725,11036,104352,1149,17,18,0.50 ,,,,
屏東縣,Ⅲ-94,新園鄉公所,71,700,120.4628805,22.54658679,台27線,香社,烏龍,70,306,79,241,平原區,8.9,17.5,南,3.4,3.8,,,,,,1.0,8357,110,268,1,99,3067,11902,11064,105928,1139,17,18,0.50 ,,,,
高雄市,Ⅲ-95,文武,6,000,120.6429932,22.96021481,台27甲線,六龜,新威,0,000,12,079,丘陵區,12.1,12,北,3.4,,,,,2.0,,0.5,2172,41,32,0,13,431,2689,2672,32537,273,14,15,0.56 ,,,,
高雄市,Ⅲ-95,文武,6,000,120.6429932,22.96021481,台27甲線,六龜,新威,0,000,12,079,丘陵區,12.1,12,南,3.4,,,,,2.0,,0.5,1964,51,35,0,9,445,2504,2490,30298,352,14,15,0.56 ,,,,
高雄市,Ⅲ-96,環球水泥廠前,3,500,120.2579544,22.88136394,台28線,大湖,路竹交流道,0,000,5,800,平原區,5.8,20.4,東,3.5,3.5,,,,2,,1.2,7380,48,454,12,301,2101,10296,10543,59717,1237,7,8,0.55 ,,,,
高雄市,Ⅲ-96,環球水泥廠前,3,500,120.2579544,22.88136394,台28線,大湖,路竹交流道,0,000,5,800,平原區,5.8,20.4,西,3.5,3.5,,,,2,,1.2,7182,41,402,6,217,1947,9795,9879,56811,1007,7,8,0.55 ,,,,
高雄市,Ⅲ-97,崙仔頂,9,050,120.3112156,22.87863504,台28線,路竹交流道,阿蓮,5,800,9,204,平原區,3.4,20,東,3.4,3.5,,,,,,3.0,6123,27,291,0,180,1547,8168,8069,27771,824,17,18,0.53 ,,,,
高雄市,Ⅲ-97,崙仔頂,9,050,120.3112156,22.87863504,台28線,路竹交流道,阿蓮,5,800,9,204,平原區,3.4,20,西,3.4,3.5,,,,,,3.0,6164,36,318,5,177,1635,8335,8222,28339,941,7,8,0.53 ,,,,
高雄市,Ⅲ-98,磚仔窯,12,800,120.3435954,22.88119047,台28線,阿蓮,田寮交流道,9,204,13,705,平原區,4.5,15,東,3.4,,,,,2,,2.0,4732,38,179,2,152,2614,7717,6935,34726,588,7,8,0.59 ,,,,
高雄市,Ⅲ-98,磚仔窯,12,800,120.3435954,22.88119047,台28線,阿蓮,田寮交流道,9,204,13,705,平原區,4.5,15,西,3.4,,,,,2,,2.0,4751,51,198,0,130,2670,7800,6974,35100,834,7,8,0.59 ,,,,
高雄市,Ⅲ-99,崇德,16,100,120.3694329,22.87786889,台28線,田寮交流道,旗尾,13,705,31,382,丘陵區,17.7,15.4,東,3.5,3.5,,,,,,0.6,3047,28,95,0,22,1327,4519,4199,79986,473,9,10,0.55 ,,,,
高雄市,Ⅲ-99,崇德,16,100,120.3694329,22.87786889,台28線,田寮交流道,旗尾,13,705,31,382,丘陵區,17.7,15.4,西,3.5,3.5,,,,,,0.6,2894,31,80,0,31,1251,4287,4022,75880,583,16,17,0.55 ,,,,
高雄市,Ⅲ-I00,中壇,34,800,120.5248820,22.88656365,台28線,旗尾,茂林,31,382,48,968,丘陵區,17.6,12,東,3.4,,,,,2.0,,0.5,4665,50,99,0,23,2150,6987,6302,122971,463,15,16,0.59 ,,,,
高雄市,Ⅲ-I00,中壇,34,800,120.5248820,22.88656365,台28線,旗尾,茂林,31,382,48,968,丘陵區,17.6,12,西,3.4,,,,,2.0,,0.5,4469,55,97,0,29,2035,6685,6088,117656,666,15,16,0.59 ,,,,
高雄市,Ⅲ-I01,小林,24,250,120.6340527,23.15076476,台29線,那瑪夏,甲仙,0,000,35,320,山嶺區,35.3,9.2,北,4,,,,,,,0.6,464,12,18,0,1,172,667,1025,23545,91,15,16,0.65 ,,,,
高雄市,Ⅲ-I01,小林,24,250,120.6340527,23.15076476,台29線,那瑪夏,甲仙,0,000,35,320,山嶺區,35.3,9.2,南,4,,,,,,,0.6,497,13,15,0,0,179,704,1065,24851,166,15,16,0.65 ,,,,
高雄市,Ⅲ-I02,寶隆橋,39,900,120.5591703,23.05394121,台29線,甲仙,杉林,35,320,56,243,山嶺區,20.9,12,北,3.4,,,,,2.0,,0.5,1499,29,16,0,11,328,1883,2879,39355,347,11,12,0.56 ,,,,
高雄市,Ⅲ-I02,寶隆橋,39,900,120.5591703,23.05394121,台29線,甲仙,杉林,35,320,56,243,山嶺區,20.9,12,南,3.4,,,,,2.0,,0.5,1405,22,11,0,1,332,1771,2612,37014,278,11,12,0.56 ,,,,
高雄市,Ⅲ-I03,六號橋,63,300,120.4847202,22.90400388,台29線,杉林,旗山,56,243,66,481,丘陵區,10.2,13.4,北,3.5,,,,,2.0,,1.1,5804,36,128,0,13,3473,9454,8098,96431,680,7,8,0.53 ,,,,
高雄市,Ⅲ-I03,六號橋,63,300,120.4847202,22.90400388,台29線,杉林,旗山,56,243,66,481,丘陵區,10.2,13.4,南,3.5,,,,,2.0,,1.1,5676,26,93,0,11,3565,9371,7871,95584,758,7,8,0.53 ,,,,
高雄市,Ⅲ-I04,尚和,78,200,120.4533230,22.78113687,台29線,旗山,嶺口,66,481,79,324,平原區,12.8,20.2,北,3.4,4.4,,,,,,1.2,3328,51,169,1,71,1542,5162,4800,66074,491,11,12,0.58 ,,,,
高雄市,Ⅲ-I04,尚和,78,200,120.4533230,22.78113687,台29線,旗山,嶺口,66,481,79,324,平原區,12.8,20.2,南,3.4,4.5,,,,,,1.2,3475,84,153,0,87,1710,5509,5118,70515,675,16,17,0.58 ,,,,
高雄市,Ⅲ-I05,嶺口附近,82,900,120.4466910,22.73933598,台29線,嶺口,大樹,79,324,87,962,平原區,8.6,20.2,北,3.4,3.5,,,,2.2,,0.5,3346,35,190,1,115,1732,5419,5244,46603,605,9,10,0.55 ,,,,
高雄市,Ⅲ-I05,嶺口附近,82,900,120.4466910,22.73933598,台29線,嶺口,大樹,79,324,87,962,平原區,8.6,20.2,南,3.4,3.5,,,,2.2,,0.5,3736,32,161,0,90,1858,5877,5597,50542,741,17,18,0.55 ,,,,
高雄市,Ⅲ-I06,九曲營房前,92,850,120.4247804,22.65648603,台29線,大樹,義和,87,962,94,632,平原區,6.7,20.3,北,3.5,4.5,,,,,,1.2,5205,23,247,1,195,2930,8601,7957,57627,877,7,8,0.50 ,,,,
高雄市,Ⅲ-I06,九曲營房前,92,850,120.4247804,22.65648603,台29線,大樹,義和,87,962,94,632,平原區,6.7,20.3,南,3.5,4.5,,,,,,1.2,5289,22,294,0,231,2977,8813,8242,59047,877,7,8,0.50 ,,,,
高雄市,Ⅲ-I07,河堤旁,99,700,120.4347102,22.59921055,台29線,義和,大發工業區,94,632,106,436,平原區,11.8,13.8,北,3.5,,,,,2.5,,0.8,4116,25,292,2,260,2375,7070,6724,83426,666,7,8,0.64 ,,,,
高雄市,Ⅲ-I07,河堤旁,99,700,120.4347102,22.59921055,台29線,義和,大發工業區,94,632,106,436,平原區,11.8,13.8,南,3.5,,,,,2.5,,0.8,4525,23,335,5,284,2427,7599,7322,89668,1197,7,8,0.64 ,,,,
高雄市,Ⅲ-I08,翁園給水廠,107,600,120.4173113,22.53900204,台29線,大發工業區,林園,106,436,112,310,平原區,5.9,14.2,北,3.4,,,,,2.5,,1.1,3556,11,228,3,589,2622,7009,7121,41353,1059,7,8,0.53 ,,,,
高雄市,Ⅲ-I08,翁園給水廠,107,600,120.4173113,22.53900204,台29線,大發工業區,林園,106,436,112,310,平原區,5.9,14.2,南,3.4,,,,,2.5,,1.1,3633,14,263,6,734,2582,7232,7698,42669,954,7,8,0.53 ,,,,
臺東縣,Ⅲ-I09,玉長公路,29,000,121.3868325,23.26350228,台30線,長濱,寧埔,28,822,35,333,丘陵區,6.5,9.4,東,3.4,,,,,,,1.2,750,12,5,0,1,88,856,850,5564,137,14,15,0.53 ,,,,
臺東縣,Ⅲ-I09,玉長公路,29,000,121.3868325,23.26350228,台30線,長濱,寧埔,28,822,35,333,丘陵區,6.5,9.4,西,3.4,,,,,,,1.2,748,9,6,0,2,85,850,846,5525,123,14,15,0.53 ,,,,
高雄市,Ⅲ-I10,阿蓮,18,400,120.3064774,22.88144935,台39線,南高縣市界,阿蓮,16,407,18,849,平原區,2.4,40.6,北,3.6,3.5,,,,4.6,,0.6,1919,5,82,0,45,699,2750,2674,6600,271,8,9,0.53 ,"快慢分隔,1車道",,,
高雄市,Ⅲ-I10,阿蓮,18,400,120.3064774,22.88144935,台39線,南高縣市界,阿蓮,16,407,18,849,平原區,2.4,40.6,南,3.6,3.5,,,,4.6,,0.6,1929,6,88,1,31,660,2715,2628,6516,302,17,18,0.53 ,"快慢分隔,1車道",,,
高雄市,Ⅲ-I11,五甲交流道,1,450,120.35269974,22.5908831,台88線,國道1號,鳳山交流道,0,000,2,154,平原區,2.2,19.9,東,3.8,3.7,,,,,,1.8,37095,216,1004,90,2191,0,40596,45768,89311,3139,10,11,0.52 ,,,,
高雄市,Ⅲ-I11,五甲交流道,1,450,120.35269974,22.5908831,台88線,國道1號,鳳山交流道,0,000,2,154,平原區,2.2,19.9,西,3.7,3.6,,,,,,2.0,37725,216,1455,140,2048,0,41584,46796,91485,3335,17,18,0.52 ,,,,
高雄市,Ⅲ-I12,鳳山交流道,2,700,120.36464448,22.5899293,台88線,鳳山交流道,大寮交流道,2,154,7,048,平原區,4.9,19.6,東,3.7,3.8,,,,,,1.7,38061,184,1517,67,2601,142,42572,48702,208603,3876,10,11,0.54 ,,,,
高雄市,Ⅲ-I12,鳳山交流道,2,700,120.36464448,22.5899293,台88線,鳳山交流道,大寮交流道,2,154,7,048,平原區,4.9,19.6,西,3.8,3.8,,,,,,1.8,35666,316,993,66,2517,126,39684,45455,194452,3365,16,17,0.54 ,,,,
高雄市,Ⅲ-I13,大寮交流道,7,630,120.4121736,22.58635301,台88線,大寮交流道,大發交流道,7,048,9,741,平原區,2.7,19.9,東,3.6,3.6,,,,,,1.9,29813,167,1104,53,2424,139,33700,39234,90990,3363,10,11,0.51 ,,,,
高雄市,Ⅲ-I13,大寮交流道,7,630,120.4121736,22.58635301,台88線,大寮交流道,大發交流道,7,048,9,741,平原區,2.7,19.9,西,3.7,3.7,,,,,,2.2,29638,166,1030,43,2495,132,33504,39125,90461,3222,15,16,0.51 ,,,,
高雄市,Ⅲ-I14,大發交流道,11,590,120.4481423,22.59184967,台88線,大發交流道,萬丹交流道,9,741,15,143,平原區,5.4,21.5,東,3.9,3.8,,,,,,2.3,29848,392,819,18,1015,190,32282,34878,174323,3389,9,10,0.51 ,分離車道,,,
高雄市,Ⅲ-I14,大發交流道,11,590,120.4481423,22.59184967,台88線,大發交流道,萬丹交流道,9,741,15,143,平原區,5.4,21.5,西,3.9,3.8,,,,,,2.2,29214,144,579,14,1043,169,31163,33571,168280,3589,15,16,0.51 ,分離車道,,,
屏東縣,Ⅲ-I15,潮州,20,470,120.5213748,22.5696307,台88線,萬丹交流道,竹田,15,143,22,383,平原區,7.2,20.4,東,3.7,3.7,,,,,,2.2,23773,113,723,13,1071,149,25842,28369,186062,2803,10,11,0.51 ,,,,
屏東縣,Ⅲ-I15,潮州,20,470,120.5213748,22.5696307,台88線,萬丹交流道,竹田,15,143,22,383,平原區,7.2,20.4,西,3.7,3.7,,,,,,1.8,23394,122,537,17,1176,118,25364,28033,182621,2935,16,17,0.51 ,,,,
